-- --------------------------------------------------------
-- Host:                         127.0.0.1
-- Server version:               5.7.33 - MySQL Community Server (GPL)
-- Server OS:                    Win64
-- HeidiSQL Version:             11.2.0.6213
-- --------------------------------------------------------

/*!40101 SET @OLD_CHARACTER_SET_CLIENT=@@CHARACTER_SET_CLIENT */;
/*!40101 SET NAMES utf8 */;
/*!50503 SET NAMES utf8mb4 */;
/*!40014 SET @OLD_FOREIGN_KEY_CHECKS=@@FOREIGN_KEY_CHECKS, FOREIGN_KEY_CHECKS=0 */;
/*!40101 SET @OLD_SQL_MODE=@@SQL_MODE, SQL_MODE='NO_AUTO_VALUE_ON_ZERO' */;
/*!40111 SET @OLD_SQL_NOTES=@@SQL_NOTES, SQL_NOTES=0 */;

-- Dumping structure for table mythauth.auth_activation_attempts
CREATE TABLE IF NOT EXISTS `auth_activation_attempts` (
  `id` int(11) unsigned NOT NULL AUTO_INCREMENT,
  `ip_address` varchar(255) NOT NULL,
  `user_agent` varchar(255) NOT NULL,
  `token` varchar(255) DEFAULT NULL,
  `created_at` datetime NOT NULL,
  PRIMARY KEY (`id`)
) ENGINE=InnoDB DEFAULT CHARSET=utf8;

-- Dumping data for table mythauth.auth_activation_attempts: ~0 rows (approximately)
/*!40000 ALTER TABLE `auth_activation_attempts` DISABLE KEYS */;
/*!40000 ALTER TABLE `auth_activation_attempts` ENABLE KEYS */;

-- Dumping structure for table mythauth.auth_groups
CREATE TABLE IF NOT EXISTS `auth_groups` (
  `id` int(11) unsigned NOT NULL AUTO_INCREMENT,
  `name` varchar(255) NOT NULL,
  `description` varchar(255) NOT NULL,
  PRIMARY KEY (`id`)
) ENGINE=InnoDB AUTO_INCREMENT=10 DEFAULT CHARSET=utf8;

-- Dumping data for table mythauth.auth_groups: ~6 rows (approximately)
/*!40000 ALTER TABLE `auth_groups` DISABLE KEYS */;
INSERT INTO `auth_groups` (`id`, `name`, `description`) VALUES
	(1, 'Superadmin', 'Super Admin lho'),
	(2, 'Admin', 'Admin'),
	(3, 'Manager', 'Manager'),
	(4, 'Staff', 'Staff'),
	(5, 'tessaja', 'tes saja'),
	(9, 'teshagsj', 'hjhgjhg');
/*!40000 ALTER TABLE `auth_groups` ENABLE KEYS */;

-- Dumping structure for table mythauth.auth_groups_permissions
CREATE TABLE IF NOT EXISTS `auth_groups_permissions` (
  `group_id` int(11) unsigned NOT NULL DEFAULT '0',
  `permission_id` int(11) unsigned NOT NULL DEFAULT '0',
  KEY `auth_groups_permissions_permission_id_foreign` (`permission_id`),
  KEY `group_id_permission_id` (`group_id`,`permission_id`),
  CONSTRAINT `auth_groups_permissions_group_id_foreign` FOREIGN KEY (`group_id`) REFERENCES `auth_groups` (`id`) ON DELETE CASCADE,
  CONSTRAINT `auth_groups_permissions_permission_id_foreign` FOREIGN KEY (`permission_id`) REFERENCES `auth_permissions` (`id`) ON DELETE CASCADE
) ENGINE=InnoDB DEFAULT CHARSET=utf8;

-- Dumping data for table mythauth.auth_groups_permissions: ~2 rows (approximately)
/*!40000 ALTER TABLE `auth_groups_permissions` DISABLE KEYS */;
INSERT INTO `auth_groups_permissions` (`group_id`, `permission_id`) VALUES
	(1, 1),
	(1, 2);
/*!40000 ALTER TABLE `auth_groups_permissions` ENABLE KEYS */;

-- Dumping structure for table mythauth.auth_groups_users
CREATE TABLE IF NOT EXISTS `auth_groups_users` (
  `group_id` int(11) unsigned NOT NULL DEFAULT '0',
  `user_id` int(11) unsigned NOT NULL DEFAULT '0',
  KEY `auth_groups_users_user_id_foreign` (`user_id`),
  KEY `group_id_user_id` (`group_id`,`user_id`),
  CONSTRAINT `auth_groups_users_group_id_foreign` FOREIGN KEY (`group_id`) REFERENCES `auth_groups` (`id`) ON DELETE CASCADE,
  CONSTRAINT `auth_groups_users_user_id_foreign` FOREIGN KEY (`user_id`) REFERENCES `users` (`id`) ON DELETE CASCADE
) ENGINE=InnoDB DEFAULT CHARSET=utf8;

-- Dumping data for table mythauth.auth_groups_users: ~5 rows (approximately)
/*!40000 ALTER TABLE `auth_groups_users` DISABLE KEYS */;
INSERT INTO `auth_groups_users` (`group_id`, `user_id`) VALUES
	(1, 2),
	(3, 1),
	(4, 3),
	(4, 4),
	(4, 5);
/*!40000 ALTER TABLE `auth_groups_users` ENABLE KEYS */;

-- Dumping structure for table mythauth.auth_logins
CREATE TABLE IF NOT EXISTS `auth_logins` (
  `id` int(11) unsigned NOT NULL AUTO_INCREMENT,
  `ip_address` varchar(255) DEFAULT NULL,
  `email` varchar(255) DEFAULT NULL,
  `user_id` int(11) unsigned DEFAULT NULL,
  `date` datetime NOT NULL,
  `success` tinyint(1) NOT NULL,
  PRIMARY KEY (`id`),
  KEY `email` (`email`),
  KEY `user_id` (`user_id`)
) ENGINE=InnoDB AUTO_INCREMENT=15 DEFAULT CHARSET=utf8;

-- Dumping data for table mythauth.auth_logins: ~14 rows (approximately)
/*!40000 ALTER TABLE `auth_logins` DISABLE KEYS */;
INSERT INTO `auth_logins` (`id`, `ip_address`, `email`, `user_id`, `date`, `success`) VALUES
	(1, '::1', 'admin', NULL, '2022-08-30 00:27:44', 0),
	(2, '::1', 'admin', NULL, '2022-08-30 00:27:56', 0),
	(3, '::1', 'admin@admin.com', NULL, '2022-08-30 00:29:07', 0),
	(4, '::1', 'admin@example.com', NULL, '2022-08-30 00:30:35', 0),
	(5, '::1', 'Aldi2', 2, '2022-08-30 00:31:15', 0),
	(6, '::1', 'aldi2@aldi.com', 2, '2022-08-30 00:31:37', 1),
	(7, '::1', 'aldi2@aldi.com', 2, '2022-09-01 16:14:46', 1),
	(8, '::1', 'aldi2@aldi.com', 2, '2022-09-02 17:15:06', 1),
	(9, '::1', 'aldi2@aldi.com', 2, '2022-09-02 18:04:28', 1),
	(10, '::1', 'aldi2@aldi.com', 2, '2022-09-02 20:38:25', 1),
	(11, '::1', 'aldi2@aldi.com', 2, '2022-09-03 08:51:45', 1),
	(12, '::1', 'aaa@aa.com', 3, '2022-09-03 12:52:22', 1),
	(13, '::1', 'aldi2@aldi.com', 2, '2022-09-03 19:40:26', 1),
	(14, '::1', 'aldi2@aldi.com', 2, '2022-09-04 02:49:58', 1);
/*!40000 ALTER TABLE `auth_logins` ENABLE KEYS */;

-- Dumping structure for table mythauth.auth_permissions
CREATE TABLE IF NOT EXISTS `auth_permissions` (
  `id` int(11) unsigned NOT NULL AUTO_INCREMENT,
  `name` varchar(255) NOT NULL,
  `description` varchar(255) NOT NULL,
  PRIMARY KEY (`id`)
) ENGINE=InnoDB AUTO_INCREMENT=4 DEFAULT CHARSET=utf8;

-- Dumping data for table mythauth.auth_permissions: ~2 rows (approximately)
/*!40000 ALTER TABLE `auth_permissions` DISABLE KEYS */;
INSERT INTO `auth_permissions` (`id`, `name`, `description`) VALUES
	(1, 'user', 'Akses User'),
	(2, 'roles', 'Akses Role'),
	(3, 'roles.add', 'Ijin tambah Role s');
/*!40000 ALTER TABLE `auth_permissions` ENABLE KEYS */;

-- Dumping structure for table mythauth.auth_reset_attempts
CREATE TABLE IF NOT EXISTS `auth_reset_attempts` (
  `id` int(11) unsigned NOT NULL AUTO_INCREMENT,
  `email` varchar(255) NOT NULL,
  `ip_address` varchar(255) NOT NULL,
  `user_agent` varchar(255) NOT NULL,
  `token` varchar(255) DEFAULT NULL,
  `created_at` datetime NOT NULL,
  PRIMARY KEY (`id`)
) ENGINE=InnoDB DEFAULT CHARSET=utf8;

-- Dumping data for table mythauth.auth_reset_attempts: ~0 rows (approximately)
/*!40000 ALTER TABLE `auth_reset_attempts` DISABLE KEYS */;
/*!40000 ALTER TABLE `auth_reset_attempts` ENABLE KEYS */;

-- Dumping structure for table mythauth.auth_tokens
CREATE TABLE IF NOT EXISTS `auth_tokens` (
  `id` int(11) unsigned NOT NULL AUTO_INCREMENT,
  `selector` varchar(255) NOT NULL,
  `hashedValidator` varchar(255) NOT NULL,
  `user_id` int(11) unsigned NOT NULL,
  `expires` datetime NOT NULL,
  PRIMARY KEY (`id`),
  KEY `auth_tokens_user_id_foreign` (`user_id`),
  KEY `selector` (`selector`),
  CONSTRAINT `auth_tokens_user_id_foreign` FOREIGN KEY (`user_id`) REFERENCES `users` (`id`) ON DELETE CASCADE
) ENGINE=InnoDB DEFAULT CHARSET=utf8;

-- Dumping data for table mythauth.auth_tokens: ~0 rows (approximately)
/*!40000 ALTER TABLE `auth_tokens` DISABLE KEYS */;
/*!40000 ALTER TABLE `auth_tokens` ENABLE KEYS */;

-- Dumping structure for table mythauth.auth_users_permissions
CREATE TABLE IF NOT EXISTS `auth_users_permissions` (
  `user_id` int(11) unsigned NOT NULL DEFAULT '0',
  `permission_id` int(11) unsigned NOT NULL DEFAULT '0',
  KEY `auth_users_permissions_permission_id_foreign` (`permission_id`),
  KEY `user_id_permission_id` (`user_id`,`permission_id`),
  CONSTRAINT `auth_users_permissions_permission_id_foreign` FOREIGN KEY (`permission_id`) REFERENCES `auth_permissions` (`id`) ON DELETE CASCADE,
  CONSTRAINT `auth_users_permissions_user_id_foreign` FOREIGN KEY (`user_id`) REFERENCES `users` (`id`) ON DELETE CASCADE
) ENGINE=InnoDB DEFAULT CHARSET=utf8;

-- Dumping data for table mythauth.auth_users_permissions: ~0 rows (approximately)
/*!40000 ALTER TABLE `auth_users_permissions` DISABLE KEYS */;
INSERT INTO `auth_users_permissions` (`user_id`, `permission_id`) VALUES
	(2, 1);
/*!40000 ALTER TABLE `auth_users_permissions` ENABLE KEYS */;

-- Dumping structure for table mythauth.ci_sessions
CREATE TABLE IF NOT EXISTS `ci_sessions` (
  `id` varchar(128) NOT NULL,
  `ip_address` varchar(45) NOT NULL,
  `timestamp` timestamp NOT NULL DEFAULT CURRENT_TIMESTAMP,
  `data` blob NOT NULL,
  PRIMARY KEY (`id`),
  KEY `ci_sessions_timestamp` (`timestamp`)
) ENGINE=InnoDB DEFAULT CHARSET=latin1;

-- Dumping data for table mythauth.ci_sessions: ~88 rows (approximately)
/*!40000 ALTER TABLE `ci_sessions` DISABLE KEYS */;
INSERT INTO `ci_sessions` (`id`, `ip_address`, `timestamp`, `data`) VALUES
	('06q137kru5e6h3e0q8g2u4hep71vkls0', '::1', '2022-09-04 03:36:53', _binary 0x5F5F63695F6C6173745F726567656E65726174657C693A313636323233373431333B5F63695F70726576696F75735F75726C7C733A32373A22687474703A2F2F6C6F63616C686F73743A383038302F726F6C6573223B6C6F676765645F696E7C733A313A2232223B),
	('0utg8qodt4b5kr4ib9pj9p95bhpamq8k', '::1', '2022-09-03 20:36:05', _binary 0x5F5F63695F6C6173745F726567656E65726174657C693A313636323231323136353B5F63695F70726576696F75735F75726C7C733A32373A22687474703A2F2F6C6F63616C686F73743A383038302F726F6C6573223B6C6F676765645F696E7C733A313A2232223B),
	('0veu280edvbioesgv3smv736785rvna6', '::1', '2022-09-02 20:44:01', _binary 0x5F5F63695F6C6173745F726567656E65726174657C693A313636323132363234313B5F63695F70726576696F75735F75726C7C733A33313A22687474703A2F2F6C6F63616C686F73743A383038302F64617368626F617264223B6C6F676765645F696E7C733A313A2232223B),
	('1a25jmbl39pi88uhovk409gnbl44ir35', '::1', '2022-09-03 13:02:18', _binary 0x5F5F63695F6C6173745F726567656E65726174657C693A313636323138343736323B5F63695F70726576696F75735F75726C7C733A33313A22687474703A2F2F6C6F63616C686F73743A383038302F64617368626F617264223B6C6F676765645F696E7C733A313A2233223B),
	('1ab0rfg9bm1a6osvr2867no7bn7b743q', '::1', '2022-09-02 16:39:37', _binary 0x5F5F63695F6C6173745F726567656E65726174657C693A313636323131313537373B5F63695F70726576696F75735F75726C7C733A32373A22687474703A2F2F6C6F63616C686F73743A383038302F6C6F67696E223B72656469726563745F75726C7C733A33313A22687474703A2F2F6C6F63616C686F73743A383038302F64617368626F617264223B),
	('1v9885luogojjm6amtlig2c8mtqmsflo', '::1', '2022-09-03 09:36:48', _binary 0x5F5F63695F6C6173745F726567656E65726174657C693A313636323137323630383B72656469726563745F75726C7C733A32373A22687474703A2F2F6C6F63616C686F73743A383038302F7573657273223B),
	('2rloc4h08caoqeotn159q25h0794n47k', '::1', '2022-09-03 17:30:55', _binary 0x5F5F63695F6C6173745F726567656E65726174657C693A313636323230313035353B5F63695F70726576696F75735F75726C7C733A32373A22687474703A2F2F6C6F63616C686F73743A383038302F726F6C6573223B6C6F676765645F696E7C733A313A2232223B),
	('2rs9bdlj75g7t51ksal63q6adjvegp4i', '::1', '2022-09-02 21:40:57', _binary 0x5F5F63695F6C6173745F726567656E65726174657C693A313636323132393635373B5F63695F70726576696F75735F75726C7C733A32373A22687474703A2F2F6C6F63616C686F73743A383038302F7573657273223B6C6F676765645F696E7C733A313A2232223B),
	('3ch1p77n2eankc8hr1hbq5vqm4aln015', '::1', '2022-09-03 19:40:26', _binary 0x5F5F63695F6C6173745F726567656E65726174657C693A313636323230383832363B72656469726563745F75726C7C733A32373A22687474703A2F2F6C6F63616C686F73743A383038302F726F6C6573223B5F63695F70726576696F75735F75726C7C733A32373A22687474703A2F2F6C6F63616C686F73743A383038302F6C6F67696E223B),
	('3u174op2kr5v125hin7ggfdulfba664n', '::1', '2022-09-02 22:04:34', _binary 0x5F5F63695F6C6173745F726567656E65726174657C693A313636323133313037343B5F63695F70726576696F75735F75726C7C733A32373A22687474703A2F2F6C6F63616C686F73743A383038302F7573657273223B6C6F676765645F696E7C733A313A2232223B),
	('4odp08kl8keklcfranokbtvknhjp5gth', '::1', '2022-09-03 16:40:15', _binary 0x5F5F63695F6C6173745F726567656E65726174657C693A313636323139383031353B5F63695F70726576696F75735F75726C7C733A32373A22687474703A2F2F6C6F63616C686F73743A383038302F726F6C6573223B6C6F676765645F696E7C733A313A2232223B),
	('4vclm6i2hl71r84i64hp0f409g5n0go6', '::1', '2022-09-02 16:55:12', _binary 0x5F5F63695F6C6173745F726567656E65726174657C693A313636323131323531323B5F63695F70726576696F75735F75726C7C733A32373A22687474703A2F2F6C6F63616C686F73743A383038302F6C6F67696E223B72656469726563745F75726C7C733A33313A22687474703A2F2F6C6F63616C686F73743A383038302F64617368626F617264223B),
	('5lqg88d6ae4mn9svn6ci6ie1v2oqjk44', '::1', '2022-09-02 22:12:23', _binary 0x5F5F63695F6C6173745F726567656E65726174657C693A313636323133313439343B5F63695F70726576696F75735F75726C7C733A32373A22687474703A2F2F6C6F63616C686F73743A383038302F7573657273223B6C6F676765645F696E7C733A313A2232223B),
	('61kd8i85gialosfm637s5grtj05nrfkf', '::1', '2022-09-03 07:04:00', _binary 0x5F5F63695F6C6173745F726567656E65726174657C693A313636323136333432383B),
	('6kikvdd2fbeciabgchm4ning4s3aoaro', '::1', '2022-09-04 03:44:18', _binary 0x5F5F63695F6C6173745F726567656E65726174657C693A313636323233373835383B5F63695F70726576696F75735F75726C7C733A32373A22687474703A2F2F6C6F63616C686F73743A383038302F726F6C6573223B6C6F676765645F696E7C733A313A2232223B),
	('7c8kae1ml8lvrmhrpetlrf19u2c78gji', '::1', '2022-09-03 09:41:01', _binary 0x5F5F63695F6C6173745F726567656E65726174657C693A313636323137323836313B5F63695F70726576696F75735F75726C7C733A32373A22687474703A2F2F6C6F63616C686F73743A383038302F7573657273223B6C6F676765645F696E7C733A313A2232223B),
	('7co9nte42571v900ru07edq70611f2rd', '::1', '2022-09-03 09:27:50', _binary 0x5F5F63695F6C6173745F726567656E65726174657C693A313636323137323037303B5F63695F70726576696F75735F75726C7C733A32373A22687474703A2F2F6C6F63616C686F73743A383038302F7573657273223B6C6F676765645F696E7C733A313A2232223B),
	('7h0llabtgb982htgcoh2bkig116chvv6', '::1', '2022-09-03 08:51:45', _binary 0x5F5F63695F6C6173745F726567656E65726174657C693A313636323136393930353B72656469726563745F75726C7C733A32373A22687474703A2F2F6C6F63616C686F73743A383038302F7573657273223B5F63695F70726576696F75735F75726C7C733A32373A22687474703A2F2F6C6F63616C686F73743A383038302F6C6F67696E223B),
	('8bo366c0t3ara4sq91k38cdkgap0lk30', '::1', '2022-09-03 13:11:32', _binary 0x5F5F63695F6C6173745F726567656E65726174657C693A313636323138353439323B5F63695F70726576696F75735F75726C7C733A32373A22687474703A2F2F6C6F63616C686F73743A383038302F7573657273223B6C6F676765645F696E7C733A313A2232223B),
	('9dt9tkfa7vge5crjdlk01kot3kf6buf7', '::1', '2022-09-02 19:57:01', _binary 0x5F5F63695F6C6173745F726567656E65726174657C693A313636323132333432313B5F63695F70726576696F75735F75726C7C733A33313A22687474703A2F2F6C6F63616C686F73743A383038302F64617368626F617264223B6C6F676765645F696E7C733A313A2232223B6D6573736167657C733A32333A2253656C616D617420646174616E67206B656D62616C6921223B5F5F63695F766172737C613A313A7B733A373A226D657373616765223B733A333A226F6C64223B7D),
	('9ekpdmgd9qlg379f32blobocof6aubqg', '::1', '2022-09-03 16:48:22', _binary 0x5F5F63695F6C6173745F726567656E65726174657C693A313636323139383530323B5F63695F70726576696F75735F75726C7C733A32373A22687474703A2F2F6C6F63616C686F73743A383038302F726F6C6573223B6C6F676765645F696E7C733A313A2232223B),
	('9kfn1h8f3os55mhdkf0uucb76dkj612e', '::1', '2022-09-03 10:57:02', _binary 0x5F5F63695F6C6173745F726567656E65726174657C693A313636323137373432323B5F63695F70726576696F75735F75726C7C733A32373A22687474703A2F2F6C6F63616C686F73743A383038302F7573657273223B6C6F676765645F696E7C733A313A2232223B),
	('9m2rgev7fjud2rp117alinqhhncrbdq6', '::1', '2022-09-02 18:04:28', _binary 0x5F5F63695F6C6173745F726567656E65726174657C693A313636323131363636383B72656469726563745F75726C7C733A33313A22687474703A2F2F6C6F63616C686F73743A383038302F64617368626F617264223B5F63695F70726576696F75735F75726C7C733A32373A22687474703A2F2F6C6F63616C686F73743A383038302F6C6F67696E223B),
	('9p141t3h8mapc4k382aols2d9dgm7n9o', '::1', '2022-09-02 17:06:34', _binary 0x5F5F63695F6C6173745F726567656E65726174657C693A313636323131333139343B72656469726563745F75726C7C733A32323A22687474703A2F2F6C6F63616C686F73743A383038302F223B5F63695F70726576696F75735F75726C7C733A32373A22687474703A2F2F6C6F63616C686F73743A383038302F6C6F67696E223B),
	('a0ldhkuak71tdkamtfvcqtgd9tj93flk', '::1', '2022-09-02 17:15:06', _binary 0x5F5F63695F6C6173745F726567656E65726174657C693A313636323131333730363B5F63695F70726576696F75735F75726C7C733A32373A22687474703A2F2F6C6F63616C686F73743A383038302F6C6F67696E223B72656469726563745F75726C7C733A33313A22687474703A2F2F6C6F63616C686F73743A383038302F64617368626F617264223B),
	('a6d90o42vem4ck5dfb19ltlqggvtsd9k', '::1', '2022-09-03 10:32:55', _binary 0x5F5F63695F6C6173745F726567656E65726174657C693A313636323137353937353B5F63695F70726576696F75735F75726C7C733A32373A22687474703A2F2F6C6F63616C686F73743A383038302F7573657273223B6C6F676765645F696E7C733A313A2232223B),
	('ailkfobbn6ichgj4gtkpi60a74ms516v', '::1', '2022-09-03 11:02:38', _binary 0x5F5F63695F6C6173745F726567656E65726174657C693A313636323137373735383B5F63695F70726576696F75735F75726C7C733A32373A22687474703A2F2F6C6F63616C686F73743A383038302F7573657273223B6C6F676765645F696E7C733A313A2232223B),
	('av3klhp6ahmlld8sd3f3ufs9vk4guf81', '::1', '2022-09-02 21:22:36', _binary 0x5F5F63695F6C6173745F726567656E65726174657C693A313636323132383535363B5F63695F70726576696F75735F75726C7C733A32373A22687474703A2F2F6C6F63616C686F73743A383038302F7573657273223B6C6F676765645F696E7C733A313A2232223B),
	('bhurgnuuv0hslpo9pv7d5h4fjh55012q', '::1', '2022-09-03 15:30:06', _binary 0x5F5F63695F6C6173745F726567656E65726174657C693A313636323139333830363B5F63695F70726576696F75735F75726C7C733A32373A22687474703A2F2F6C6F63616C686F73743A383038302F726F6C6573223B6C6F676765645F696E7C733A313A2232223B),
	('bnhrr2or0lqhnenvfbacmf8p6hkegkmn', '::1', '2022-09-03 12:59:22', _binary 0x5F5F63695F6C6173745F726567656E65726174657C693A313636323138343736323B5F63695F70726576696F75735F75726C7C733A33313A22687474703A2F2F6C6F63616C686F73743A383038302F64617368626F617264223B6C6F676765645F696E7C733A313A2233223B),
	('c6gab1bk1gt1m85cuubc32g4842aaen0', '::1', '2022-09-02 17:07:08', _binary 0x5F5F63695F6C6173745F726567656E65726174657C693A313636323131333232383B72656469726563745F75726C7C733A33313A22687474703A2F2F6C6F63616C686F73743A383038302F64617368626F617264223B),
	('cem8oqaa1lk64vb4o50mu6qgkt1j5401', '::1', '2022-09-02 22:11:34', _binary 0x5F5F63695F6C6173745F726567656E65726174657C693A313636323133313439343B5F63695F70726576696F75735F75726C7C733A32373A22687474703A2F2F6C6F63616C686F73743A383038302F7573657273223B6C6F676765645F696E7C733A313A2232223B),
	('cfg1ga5fqausfn5j513qjtq96h8d6291', '::1', '2022-09-04 03:03:35', _binary 0x5F5F63695F6C6173745F726567656E65726174657C693A313636323233353431353B5F63695F70726576696F75735F75726C7C733A32373A22687474703A2F2F6C6F63616C686F73743A383038302F726F6C6573223B6C6F676765645F696E7C733A313A2232223B),
	('cv7c22peng1posgc9siskgb59a8vqu77', '::1', '2022-09-03 12:48:07', _binary 0x5F5F63695F6C6173745F726567656E65726174657C693A313636323138343038373B5F63695F70726576696F75735F75726C7C733A32373A22687474703A2F2F6C6F63616C686F73743A383038302F7573657273223B6C6F676765645F696E7C733A313A2232223B),
	('d5i54bk8bvg6aaoq5ljk8c4v43f94mgc', '::1', '2022-09-02 21:46:54', _binary 0x5F5F63695F6C6173745F726567656E65726174657C693A313636323133303031343B5F63695F70726576696F75735F75726C7C733A32373A22687474703A2F2F6C6F63616C686F73743A383038302F7573657273223B6C6F676765645F696E7C733A313A2232223B),
	('d7ffoan1nlg32ligp2umacdi1t3dp2sn', '::1', '2022-09-02 21:05:21', _binary 0x5F5F63695F6C6173745F726567656E65726174657C693A313636323132373532313B5F63695F70726576696F75735F75726C7C733A32373A22687474703A2F2F6C6F63616C686F73743A383038302F7573657273223B6C6F676765645F696E7C733A313A2232223B),
	('db1dq9bd0usfk6n0udfmuinmf4p79eui', '::1', '2022-09-03 15:39:10', _binary 0x5F5F63695F6C6173745F726567656E65726174657C693A313636323139343335303B5F63695F70726576696F75735F75726C7C733A32373A22687474703A2F2F6C6F63616C686F73743A383038302F726F6C6573223B6C6F676765645F696E7C733A313A2232223B),
	('dcfdg3m9qbsf0utmsrof6dp3konk8s2s', '::1', '2022-09-02 16:34:09', _binary 0x5F5F63695F6C6173745F726567656E65726174657C693A313636323131313234393B5F63695F70726576696F75735F75726C7C733A33313A22687474703A2F2F6C6F63616C686F73743A383038302F64617368626F617264223B),
	('e17rnh06s05l6sd9v9ev3k8qbe17i9kk', '::1', '2022-09-02 16:47:51', _binary 0x5F5F63695F6C6173745F726567656E65726174657C693A313636323131323037313B5F63695F70726576696F75735F75726C7C733A32373A22687474703A2F2F6C6F63616C686F73743A383038302F6C6F67696E223B72656469726563745F75726C7C733A33313A22687474703A2F2F6C6F63616C686F73743A383038302F64617368626F617264223B),
	('e67ovhbc23vvk9g1qvcc9gavgi29bp0j', '::1', '2022-09-03 11:21:45', _binary 0x5F5F63695F6C6173745F726567656E65726174657C693A313636323137383930353B5F63695F70726576696F75735F75726C7C733A32373A22687474703A2F2F6C6F63616C686F73743A383038302F7573657273223B6C6F676765645F696E7C733A313A2232223B),
	('e9gktcti2495bss39eit7g18b7c5t5fp', '::1', '2022-09-03 17:39:11', _binary 0x5F5F63695F6C6173745F726567656E65726174657C693A313636323230313432323B5F63695F70726576696F75735F75726C7C733A32373A22687474703A2F2F6C6F63616C686F73743A383038302F726F6C6573223B6C6F676765645F696E7C733A313A2232223B),
	('edsu94ds6m5m5q3astan2nq1fbsd4las', '::1', '2022-09-02 18:03:54', _binary 0x5F5F63695F6C6173745F726567656E65726174657C693A313636323131363633343B5F63695F70726576696F75735F75726C7C733A33313A22687474703A2F2F6C6F63616C686F73743A383038302F64617368626F617264223B6C6F676765645F696E7C733A313A2232223B6D6573736167657C733A32333A2253656C616D617420646174616E67206B656D62616C6921223B5F5F63695F766172737C613A313A7B733A373A226D657373616765223B733A333A226F6C64223B7D),
	('eolqe8pc5os4ep1rikeqj2m9o645lgf5', '::1', '2022-09-02 17:10:23', _binary 0x5F5F63695F6C6173745F726567656E65726174657C693A313636323131333432333B5F63695F70726576696F75735F75726C7C733A32373A22687474703A2F2F6C6F63616C686F73743A383038302F6C6F67696E223B72656469726563745F75726C7C733A33313A22687474703A2F2F6C6F63616C686F73743A383038302F64617368626F617264223B),
	('ept4ppuuc5g44rrafguahhr99qufocl9', '::1', '2022-09-03 12:37:25', _binary 0x5F5F63695F6C6173745F726567656E65726174657C693A313636323138333434353B5F63695F70726576696F75735F75726C7C733A32373A22687474703A2F2F6C6F63616C686F73743A383038302F7573657273223B6C6F676765645F696E7C733A313A2232223B),
	('er6h7s6pkemkcp5qlp3b5g9ut281q7ol', '::1', '2022-09-03 20:36:32', _binary 0x5F5F63695F6C6173745F726567656E65726174657C693A313636323231323136353B5F63695F70726576696F75735F75726C7C733A32373A22687474703A2F2F6C6F63616C686F73743A383038302F726F6C6573223B6C6F676765645F696E7C733A313A2232223B),
	('flru49jtmndrbkcnufdrq0etjc1tut7o', '::1', '2022-09-03 11:43:33', _binary 0x5F5F63695F6C6173745F726567656E65726174657C693A313636323138303231333B5F63695F70726576696F75735F75726C7C733A32373A22687474703A2F2F6C6F63616C686F73743A383038302F7573657273223B6C6F676765645F696E7C733A313A2232223B),
	('fv90hclac83a03c8vnc33qkv5ks2hdaj', '::1', '2022-09-03 15:57:31', _binary 0x5F5F63695F6C6173745F726567656E65726174657C693A313636323139353435313B5F63695F70726576696F75735F75726C7C733A32373A22687474703A2F2F6C6F63616C686F73743A383038302F726F6C6573223B6C6F676765645F696E7C733A313A2232223B),
	('gulg0b0159g2u8a8puhpnh3jd98cjfsd', '::1', '2022-09-02 21:52:45', _binary 0x5F5F63695F6C6173745F726567656E65726174657C693A313636323133303336353B5F63695F70726576696F75735F75726C7C733A32373A22687474703A2F2F6C6F63616C686F73743A383038302F7573657273223B6C6F676765645F696E7C733A313A2232223B),
	('hituo68c3bsm93qbkhsmedralajsv837', '::1', '2022-09-04 02:49:58', _binary 0x5F5F63695F6C6173745F726567656E65726174657C693A313636323233343539383B72656469726563745F75726C7C733A32373A22687474703A2F2F6C6F63616C686F73743A383038302F726F6C6573223B5F63695F70726576696F75735F75726C7C733A32373A22687474703A2F2F6C6F63616C686F73743A383038302F6C6F67696E223B),
	('iampmfpnqld37ll584kii0btdtrr186s', '::1', '2022-09-04 05:05:20', _binary 0x5F5F63695F6C6173745F726567656E65726174657C693A313636323234323732303B5F63695F70726576696F75735F75726C7C733A32373A22687474703A2F2F6C6F63616C686F73743A383038302F726F6C6573223B6C6F676765645F696E7C733A313A2232223B),
	('ijfakt8vokqbkgcsfmjm9poll1kqg9vi', '::1', '2022-09-02 20:38:25', _binary 0x5F5F63695F6C6173745F726567656E65726174657C693A313636323132353930353B72656469726563745F75726C7C733A33313A22687474703A2F2F6C6F63616C686F73743A383038302F64617368626F617264223B5F63695F70726576696F75735F75726C7C733A32373A22687474703A2F2F6C6F63616C686F73743A383038302F6C6F67696E223B),
	('iocqk5do4767sllebrnu1f9jfkosrumk', '::1', '2022-09-03 17:37:02', _binary 0x5F5F63695F6C6173745F726567656E65726174657C693A313636323230313432323B5F63695F70726576696F75735F75726C7C733A32373A22687474703A2F2F6C6F63616C686F73743A383038302F726F6C6573223B6C6F676765645F696E7C733A313A2232223B),
	('iov7801200anhc1vsnlg4t5c1ltad5rh', '::1', '2022-09-03 13:29:56', _binary 0x5F5F63695F6C6173745F726567656E65726174657C693A313636323138363539363B5F63695F70726576696F75735F75726C7C733A32373A22687474703A2F2F6C6F63616C686F73743A383038302F726F6C6573223B6C6F676765645F696E7C733A313A2232223B),
	('jbod7nv2cq11470acl29b8eort4hhohu', '::1', '2022-09-03 09:22:42', _binary 0x5F5F63695F6C6173745F726567656E65726174657C693A313636323137313736323B5F63695F70726576696F75735F75726C7C733A32373A22687474703A2F2F6C6F63616C686F73743A383038302F7573657273223B6C6F676765645F696E7C733A313A2232223B),
	('jcs8focli2u5243b19tdqaeqbb1m3b21', '::1', '2022-09-03 17:03:13', _binary 0x5F5F63695F6C6173745F726567656E65726174657C693A313636323139393339333B5F63695F70726576696F75735F75726C7C733A32373A22687474703A2F2F6C6F63616C686F73743A383038302F726F6C6573223B6C6F676765645F696E7C733A313A2232223B),
	('jmhhdcjcr73uee74uv4acv52d22fm61q', '::1', '2022-09-02 20:37:17', _binary 0x5F5F63695F6C6173745F726567656E65726174657C693A313636323132353833373B5F63695F70726576696F75735F75726C7C733A33313A22687474703A2F2F6C6F63616C686F73743A383038302F64617368626F617264223B6C6F676765645F696E7C733A313A2232223B),
	('jsqv50ee0rilgbnine783je3tjk1iqlb', '::1', '2022-09-03 09:50:07', _binary 0x5F5F63695F6C6173745F726567656E65726174657C693A313636323137333430373B5F63695F70726576696F75735F75726C7C733A32373A22687474703A2F2F6C6F63616C686F73743A383038302F7573657273223B6C6F676765645F696E7C733A313A2232223B),
	('jv877iu2he1de9ovbttd0v1m7drukk34', '::1', '2022-09-03 09:09:15', _binary 0x5F5F63695F6C6173745F726567656E65726174657C693A313636323137303935353B5F63695F70726576696F75735F75726C7C733A32373A22687474703A2F2F6C6F63616C686F73743A383038302F7573657273223B6C6F676765645F696E7C733A313A2232223B6D6573736167657C733A32333A2253656C616D617420646174616E67206B656D62616C6921223B5F5F63695F766172737C613A313A7B733A373A226D657373616765223B733A333A226F6C64223B7D),
	('ksfghh7p7hvo4et2ffodjtjrciii6pnd', '::1', '2022-09-04 05:05:33', _binary 0x5F5F63695F6C6173745F726567656E65726174657C693A313636323234323732303B5F63695F70726576696F75735F75726C7C733A33313A22687474703A2F2F6C6F63616C686F73743A383038302F64617368626F617264223B6C6F676765645F696E7C733A313A2232223B),
	('lhjst5vk5n34u4pqoqvbmhlelheetf61', '::1', '2022-09-03 10:18:54', _binary 0x5F5F63695F6C6173745F726567656E65726174657C693A313636323137353133343B5F63695F70726576696F75735F75726C7C733A32373A22687474703A2F2F6C6F63616C686F73743A383038302F7573657273223B6C6F676765645F696E7C733A313A2232223B),
	('ln2ru2amuvk0umrd57c013gctqrc53cl', '::1', '2022-09-03 10:45:56', _binary 0x5F5F63695F6C6173745F726567656E65726174657C693A313636323137363735363B5F63695F70726576696F75735F75726C7C733A32373A22687474703A2F2F6C6F63616C686F73743A383038302F7573657273223B6C6F676765645F696E7C733A313A2232223B),
	('lo6uenoapi0nmcmuhr5ujitmt8m47kud', '::1', '2022-09-03 16:56:05', _binary 0x5F5F63695F6C6173745F726567656E65726174657C693A313636323139383936353B5F63695F70726576696F75735F75726C7C733A32373A22687474703A2F2F6C6F63616C686F73743A383038302F726F6C6573223B6C6F676765645F696E7C733A313A2232223B),
	('m10n5d1mku5g89r8b3akuj5bd8f51kfr', '::1', '2022-09-03 10:51:27', _binary 0x5F5F63695F6C6173745F726567656E65726174657C693A313636323137373038373B5F63695F70726576696F75735F75726C7C733A32373A22687474703A2F2F6C6F63616C686F73743A383038302F7573657273223B6C6F676765645F696E7C733A313A2232223B),
	('n8c54dfq4qk1khije24cld3vpfon3fun', '::1', '2022-09-03 09:56:06', _binary 0x5F5F63695F6C6173745F726567656E65726174657C693A313636323137333736363B5F63695F70726576696F75735F75726C7C733A32373A22687474703A2F2F6C6F63616C686F73743A383038302F7573657273223B6C6F676765645F696E7C733A313A2232223B),
	('nbnaka4u4ouon5ovpj9ih41b5k5sr63b', '::1', '2022-09-04 02:55:42', _binary 0x5F5F63695F6C6173745F726567656E65726174657C693A313636323233343934323B5F63695F70726576696F75735F75726C7C733A32373A22687474703A2F2F6C6F63616C686F73743A383038302F726F6C6573223B6C6F676765645F696E7C733A313A2232223B),
	('nm27jppins7p1e8i1l5vn7vaisjcbu9g', '::1', '2022-09-03 17:17:35', _binary 0x5F5F63695F6C6173745F726567656E65726174657C693A313636323230303235353B5F63695F70726576696F75735F75726C7C733A32373A22687474703A2F2F6C6F63616C686F73743A383038302F726F6C6573223B6C6F676765645F696E7C733A313A2232223B),
	('o0rpi7jaf6okjbrbsaa1jnf2ab7snqk6', '::1', '2022-09-03 12:42:27', _binary 0x5F5F63695F6C6173745F726567656E65726174657C693A313636323138333734373B5F63695F70726576696F75735F75726C7C733A32373A22687474703A2F2F6C6F63616C686F73743A383038302F7573657273223B6C6F676765645F696E7C733A313A2232223B),
	('oji7b55r8nbndb68r2v4ld9rgkrsv488', '::1', '2022-09-03 09:14:33', _binary 0x5F5F63695F6C6173745F726567656E65726174657C693A313636323137313237333B5F63695F70726576696F75735F75726C7C733A32373A22687474703A2F2F6C6F63616C686F73743A383038302F7573657273223B6C6F676765645F696E7C733A313A2232223B),
	('oo638od2ot41qqtuvmt7t955oq6ma7ki', '::1', '2022-09-03 10:13:06', _binary 0x5F5F63695F6C6173745F726567656E65726174657C693A313636323137343738363B5F63695F70726576696F75735F75726C7C733A32373A22687474703A2F2F6C6F63616C686F73743A383038302F7573657273223B6C6F676765645F696E7C733A313A2232223B),
	('p1hs05r8mrd84vl8cd5sl28nhp4n70mf', '::1', '2022-09-03 11:27:38', _binary 0x5F5F63695F6C6173745F726567656E65726174657C693A313636323137393235383B5F63695F70726576696F75735F75726C7C733A32373A22687474703A2F2F6C6F63616C686F73743A383038302F7573657273223B6C6F676765645F696E7C733A313A2232223B),
	('phcj72qlrpqrm1te8evdtmfcgr2175r3', '::1', '2022-09-03 11:14:24', _binary 0x5F5F63695F6C6173745F726567656E65726174657C693A313636323137383436343B5F63695F70726576696F75735F75726C7C733A32373A22687474703A2F2F6C6F63616C686F73743A383038302F7573657273223B6C6F676765645F696E7C733A313A2232223B),
	('pk8n2c2i7ulf1hgelbn5aakk35632tt8', '::1', '2022-09-03 12:52:22', _binary 0x5F5F63695F6C6173745F726567656E65726174657C693A313636323138343334323B72656469726563745F75726C7C733A32323A22687474703A2F2F6C6F63616C686F73743A383038302F223B5F63695F70726576696F75735F75726C7C733A32373A22687474703A2F2F6C6F63616C686F73743A383038302F6C6F67696E223B),
	('r36if2h2t3uff7avmf714l62il8pohbt', '::1', '2022-09-02 20:50:02', _binary 0x5F5F63695F6C6173745F726567656E65726174657C693A313636323132363630323B5F63695F70726576696F75735F75726C7C733A33313A22687474703A2F2F6C6F63616C686F73743A383038302F64617368626F617264223B6C6F676765645F696E7C733A313A2232223B),
	('rcc718nopmujc7qcmn86p10itkgl09ha', '::1', '2022-09-02 20:55:58', _binary 0x5F5F63695F6C6173745F726567656E65726174657C693A313636323132363935383B5F63695F70726576696F75735F75726C7C733A33313A22687474703A2F2F6C6F63616C686F73743A383038302F64617368626F617264223B6C6F676765645F696E7C733A313A2232223B),
	('s94jg60jrsrn3m86a7kb18buvtvh2j5t', '::1', '2022-09-03 09:33:59', _binary 0x5F5F63695F6C6173745F726567656E65726174657C693A313636323137323433393B5F63695F70726576696F75735F75726C7C733A32373A22687474703A2F2F6C6F63616C686F73743A383038302F7573657273223B6C6F676765645F696E7C733A313A2232223B),
	('sco2d2gjqujrttt3gioa23gghbj5lu93', '::1', '2022-09-02 17:05:06', _binary 0x5F5F63695F6C6173745F726567656E65726174657C693A313636323131333130363B5F63695F70726576696F75735F75726C7C733A32323A22687474703A2F2F6C6F63616C686F73743A383038302F223B72656469726563745F75726C7C733A33313A22687474703A2F2F6C6F63616C686F73743A383038302F64617368626F617264223B),
	('t12tl8mch2fbutmmlmen7ctnmf2102c4', '::1', '2022-09-03 13:02:29', _binary 0x5F5F63695F6C6173745F726567656E65726174657C693A313636323138343934393B5F63695F70726576696F75735F75726C7C733A32373A22687474703A2F2F6C6F63616C686F73743A383038302F7573657273223B6C6F676765645F696E7C733A313A2232223B),
	('t530m4g1hh36f1cvh8gk6n7aqea782tc', '::1', '2022-09-03 13:23:14', _binary 0x5F5F63695F6C6173745F726567656E65726174657C693A313636323138363139343B5F63695F70726576696F75735F75726C7C733A32373A22687474703A2F2F6C6F63616C686F73743A383038302F726F6C6573223B6C6F676765645F696E7C733A313A2232223B),
	('t5f3gl8qdlrru9jflalaqrdadidted97', '::1', '2022-09-04 03:51:26', _binary 0x5F5F63695F6C6173745F726567656E65726174657C693A313636323233383238363B5F63695F70726576696F75735F75726C7C733A34323A22687474703A2F2F6C6F63616C686F73743A383038302F64617368626F6172642F6765745F646174612F31223B6C6F676765645F696E7C733A313A2232223B),
	('tr2petsgcf7vuulreal44ahhsl8l0leg', '::1', '2022-09-03 12:14:01', _binary 0x5F5F63695F6C6173745F726567656E65726174657C693A313636323138323034313B5F63695F70726576696F75735F75726C7C733A32373A22687474703A2F2F6C6F63616C686F73743A383038302F7573657273223B6C6F676765645F696E7C733A313A2232223B),
	('tvdtqumn2dujf8so7snldqa1q9noer71', '::1', '2022-09-02 17:07:08', _binary 0x5F5F63695F6C6173745F726567656E65726174657C693A313636323131333232383B72656469726563745F75726C7C733A32323A22687474703A2F2F6C6F63616C686F73743A383038302F223B5F63695F70726576696F75735F75726C7C733A32373A22687474703A2F2F6C6F63616C686F73743A383038302F6C6F67696E223B),
	('u20oavc9roqhiqa7l9kpog7ueq7vcjd6', '::1', '2022-09-03 13:38:17', _binary 0x5F5F63695F6C6173745F726567656E65726174657C693A313636323138373039373B5F63695F70726576696F75735F75726C7C733A32373A22687474703A2F2F6C6F63616C686F73743A383038302F726F6C6573223B6C6F676765645F696E7C733A313A2232223B),
	('u4sk1spsqbu0v6bv5g0bvjvifoitaulr', '::1', '2022-09-02 21:59:24', _binary 0x5F5F63695F6C6173745F726567656E65726174657C693A313636323133303736343B5F63695F70726576696F75735F75726C7C733A32373A22687474703A2F2F6C6F63616C686F73743A383038302F7573657273223B6C6F676765645F696E7C733A313A2232223B),
	('u8q1ggp4n3vag0bj8a4urtqa8rl2bge0', '::1', '2022-09-04 13:19:28', _binary 0x5F5F63695F6C6173745F726567656E65726174657C693A313636323237323238303B72656469726563745F75726C7C733A32323A22687474703A2F2F6C6F63616C686F73743A383038302F223B5F63695F70726576696F75735F75726C7C733A32373A22687474703A2F2F6C6F63616C686F73743A383038302F6C6F67696E223B),
	('up2gmqgltg91k581pb66rj6s4o3rm06s', '::1', '2022-09-03 10:07:33', _binary 0x5F5F63695F6C6173745F726567656E65726174657C693A313636323137343435333B5F63695F70726576696F75735F75726C7C733A32373A22687474703A2F2F6C6F63616C686F73743A383038302F7573657273223B6C6F676765645F696E7C733A313A2232223B),
	('v9pcsgtv4mcoukku95g8au282qrf99dp', '::1', '2022-09-03 11:09:05', _binary 0x5F5F63695F6C6173745F726567656E65726174657C693A313636323137383134353B5F63695F70726576696F75735F75726C7C733A32373A22687474703A2F2F6C6F63616C686F73743A383038302F7573657273223B6C6F676765645F696E7C733A313A2232223B),
	('vbu1j3ls8hif4nicl6k253j2grgkqqn3', '::1', '2022-09-03 15:46:14', _binary 0x5F5F63695F6C6173745F726567656E65726174657C693A313636323139343737343B5F63695F70726576696F75735F75726C7C733A32373A22687474703A2F2F6C6F63616C686F73743A383038302F726F6C6573223B6C6F676765645F696E7C733A313A2232223B),
	('vp73vq18ej1gg57icrsev1jm85c1e8n8', '::1', '2022-09-03 13:17:40', _binary 0x5F5F63695F6C6173745F726567656E65726174657C693A313636323138353836303B5F63695F70726576696F75735F75726C7C733A32373A22687474703A2F2F6C6F63616C686F73743A383038302F726F6C6573223B6C6F676765645F696E7C733A313A2232223B);
/*!40000 ALTER TABLE `ci_sessions` ENABLE KEYS */;

-- Dumping structure for table mythauth.data_area
CREATE TABLE IF NOT EXISTS `data_area` (
  `id` int(11) NOT NULL AUTO_INCREMENT,
  `area` varchar(50) DEFAULT NULL,
  `ket` varchar(255) DEFAULT NULL,
  PRIMARY KEY (`id`) USING BTREE
) ENGINE=InnoDB AUTO_INCREMENT=5 DEFAULT CHARSET=latin1 COMMENT='list Area';

-- Dumping data for table mythauth.data_area: ~4 rows (approximately)
/*!40000 ALTER TABLE `data_area` DISABLE KEYS */;
INSERT INTO `data_area` (`id`, `area`, `ket`) VALUES
	(1, 'Jakarta', NULL),
	(2, 'Bogor', NULL),
	(3, 'Cirebon', NULL),
	(4, 'Indramayu', NULL);
/*!40000 ALTER TABLE `data_area` ENABLE KEYS */;

-- Dumping structure for table mythauth.data_equipment
CREATE TABLE IF NOT EXISTS `data_equipment` (
  `id` int(11) NOT NULL AUTO_INCREMENT,
  `nama` varchar(50) DEFAULT NULL,
  `rumus` varchar(255) DEFAULT NULL,
  PRIMARY KEY (`id`)
) ENGINE=InnoDB AUTO_INCREMENT=5 DEFAULT CHARSET=latin1 COMMENT='list Equipment';

-- Dumping data for table mythauth.data_equipment: ~4 rows (approximately)
/*!40000 ALTER TABLE `data_equipment` DISABLE KEYS */;
INSERT INTO `data_equipment` (`id`, `nama`, `rumus`) VALUES
	(1, 'Vessel', NULL),
	(2, 'Pipeline', NULL),
	(3, 'Tank', NULL),
	(4, 'Piping', NULL);
/*!40000 ALTER TABLE `data_equipment` ENABLE KEYS */;

-- Dumping structure for table mythauth.data_section
CREATE TABLE IF NOT EXISTS `data_section` (
  `id` int(11) NOT NULL AUTO_INCREMENT,
  `kode` varchar(50) NOT NULL DEFAULT '0',
  `nama_section` varchar(50) NOT NULL DEFAULT '0',
  `lokasi` enum('d','l') NOT NULL DEFAULT 'd' COMMENT 'l laut, d darat',
  `id_area` int(11) NOT NULL DEFAULT '0',
  `id_equipment` int(11) NOT NULL DEFAULT '0',
  `created_at` datetime NOT NULL,
  `updated_at` datetime NOT NULL,
  PRIMARY KEY (`id`),
  KEY `fk_equipment` (`id_equipment`),
  KEY `fk_area` (`id_area`),
  CONSTRAINT `fk_area` FOREIGN KEY (`id_area`) REFERENCES `data_area` (`id`) ON UPDATE CASCADE,
  CONSTRAINT `fk_equipment` FOREIGN KEY (`id_equipment`) REFERENCES `data_equipment` (`id`) ON UPDATE CASCADE
) ENGINE=InnoDB AUTO_INCREMENT=11 DEFAULT CHARSET=latin1 COMMENT='Section Data';

-- Dumping data for table mythauth.data_section: ~8 rows (approximately)
/*!40000 ALTER TABLE `data_section` DISABLE KEYS */;
INSERT INTO `data_section` (`id`, `kode`, `nama_section`, `lokasi`, `id_area`, `id_equipment`, `created_at`, `updated_at`) VALUES
	(1, 'V-101', 'Main', 'd', 1, 1, '2022-08-30 17:01:30', '2022-08-30 17:01:31'),
	(2, 'V-101', 'RoofTof', 'd', 1, 1, '2022-08-30 17:01:30', '2022-08-30 17:01:31'),
	(3, 'Jkt01', 'Main', 'd', 1, 2, '2022-08-30 17:01:30', '2022-08-30 17:01:31'),
	(4, 'Jkt01', '01JKT', 'd', 1, 2, '2022-08-30 17:01:30', '2022-08-30 17:01:31'),
	(5, 'BGR01', 'Main', 'd', 2, 2, '2022-08-30 17:01:30', '2022-08-30 17:01:31'),
	(6, 'BGR01', '01BGR', 'd', 2, 2, '2022-08-30 17:01:30', '2022-08-30 17:01:31'),
	(7, 'T01', 'main', 'l', 3, 3, '2022-08-30 17:01:30', '2022-08-30 17:01:31'),
	(8, 'T01', 'RoofTof', 'l', 3, 3, '2022-08-30 17:01:30', '2022-08-30 17:01:31'),
	(9, 'P3', 'main', 'l', 4, 4, '2022-08-30 17:01:30', '2022-08-30 17:01:31'),
	(10, 'P3-1', 'main', 'l', 4, 4, '2022-08-30 17:01:30', '2022-08-30 17:01:31');
/*!40000 ALTER TABLE `data_section` ENABLE KEYS */;

-- Dumping structure for table mythauth.data_tab
CREATE TABLE IF NOT EXISTS `data_tab` (
  `id` int(11) NOT NULL AUTO_INCREMENT,
  `tab` varchar(50) DEFAULT NULL,
  PRIMARY KEY (`id`)
) ENGINE=InnoDB AUTO_INCREMENT=13 DEFAULT CHARSET=latin1;

-- Dumping data for table mythauth.data_tab: ~11 rows (approximately)
/*!40000 ALTER TABLE `data_tab` DISABLE KEYS */;
INSERT INTO `data_tab` (`id`, `tab`) VALUES
	(1, 'General'),
	(2, 'Desain'),
	(3, 'Operation'),
	(4, 'Pof General'),
	(5, 'Pof OffShore'),
	(6, 'COF Onshore'),
	(7, 'Pof onshore'),
	(8, 'OnShore 30F'),
	(9, 'Level 1 Onshore'),
	(10, 'Level 2 Onshore'),
	(11, 'Level 1 OffShore'),
	(12, 'Level 2 OffShore');
/*!40000 ALTER TABLE `data_tab` ENABLE KEYS */;

-- Dumping structure for table mythauth.migrations
CREATE TABLE IF NOT EXISTS `migrations` (
  `id` bigint(20) unsigned NOT NULL AUTO_INCREMENT,
  `version` varchar(255) NOT NULL,
  `class` varchar(255) NOT NULL,
  `group` varchar(255) NOT NULL,
  `namespace` varchar(255) NOT NULL,
  `time` int(11) NOT NULL,
  `batch` int(11) unsigned NOT NULL,
  PRIMARY KEY (`id`)
) ENGINE=InnoDB AUTO_INCREMENT=2 DEFAULT CHARSET=utf8;

-- Dumping data for table mythauth.migrations: ~0 rows (approximately)
/*!40000 ALTER TABLE `migrations` DISABLE KEYS */;
INSERT INTO `migrations` (`id`, `version`, `class`, `group`, `namespace`, `time`, `batch`) VALUES
	(1, '2017-11-20-223112', 'Myth\\Auth\\Database\\Migrations\\CreateAuthTables', 'default', 'Myth\\Auth', 1661837244, 1);
/*!40000 ALTER TABLE `migrations` ENABLE KEYS */;

-- Dumping structure for table mythauth.tbl_look_up
CREATE TABLE IF NOT EXISTS `tbl_look_up` (
  `id` bigint(20) NOT NULL AUTO_INCREMENT,
  `comment` text,
  `value` int(11) NOT NULL,
  `category` varchar(50) DEFAULT NULL,
  `field` varchar(50) DEFAULT NULL,
  PRIMARY KEY (`id`)
) ENGINE=InnoDB AUTO_INCREMENT=17 DEFAULT CHARSET=latin1;

-- Dumping data for table mythauth.tbl_look_up: ~16 rows (approximately)
/*!40000 ALTER TABLE `tbl_look_up` DISABLE KEYS */;
INSERT INTO `tbl_look_up` (`id`, `comment`, `value`, `category`, `field`) VALUES
	(1, 'Sacr Anode - SAPAMALUM III', 4, 'list onshore', 'CP_system'),
	(2, 'Sacr Anode - GALVANIUM III', 3, 'list onshore', 'CP_system'),
	(3, 'Sacr Anode - Aluminium Bracelet', 2, 'list onshore', 'CP_system'),
	(4, 'ICCP', 1, 'list onshore', 'CP_system'),
	(5, 'N/A', 0, 'list onshore', 'CP_system'),
	(6, 'Sacrificial Anodes', 0, 'list onshore', 'CP_system'),
	(7, 'No previous inspections performed to determine internal condition OR Basic (partial coverage) inspections performed, but outside of inspection period', 5, 'Pof onshore', 'Internal_Inspection'),
	(8, 'Basic (partial coverage) inspections performed within inspection period, defects found requiring mitigation before next scheduled inspection OR  Detailed (full coverage) inspection performed outside planned period with defects requiring mitigation before next scheduled inspection (now overdue)', 4, 'Pof onshore', 'Internal_Inspection'),
	(9, 'Basic (partial coverage) inspections performed within inspection period, No defects or Defects FFP until next scheduled inspection OR Detailed (full coverage) inspection performed outside planned period with no defects or Defects FFP until next scheduled inspection', 3, 'Pof onshore', 'Internal_Inspection'),
	(10, 'Detailed (full coverage) inspection performed within planned period. Defects require mitigation before next scheduled inspection.', 2, 'Pof onshore', 'Internal_Inspection'),
	(11, 'Detailed (full coverage) inspection performed within planned period. No defects OR defect FFP until next scheduled inspection. OR not available internal inspaction method due to CRA pipeline', 1, 'Pof onshore', 'Internal_Inspection'),
	(12, 'Good - High quality and designed for present environment with < 5 years age', 1, 'Pof onshore', 'Coating_Condition'),
	(13, 'Fair - Adequate coating, not specifically designed for specific environment OR high quality coating with > 5 years age', 2, 'Pof onshore', 'Coating_Condition'),
	(14, 'Poor - A coating in place but not suitable for long term service for present environment', 3, 'Pof onshore', 'Coating_Condition'),
	(15, 'Absent - No coating present', 4, 'Pof onshore', 'Coating_Condition'),
	(16, 'Deteriorating - Coating is failing to provide protection and promoting corrosion', 5, 'Pof onshore', 'Coating_Condition');
/*!40000 ALTER TABLE `tbl_look_up` ENABLE KEYS */;

-- Dumping structure for table mythauth.users
CREATE TABLE IF NOT EXISTS `users` (
  `id` int(11) unsigned NOT NULL AUTO_INCREMENT,
  `email` varchar(255) NOT NULL,
  `username` varchar(30) DEFAULT NULL,
  `name` varchar(255) DEFAULT NULL,
  `password_hash` varchar(255) NOT NULL,
  `reset_hash` varchar(255) DEFAULT NULL,
  `reset_at` datetime DEFAULT NULL,
  `reset_expires` datetime DEFAULT NULL,
  `activate_hash` varchar(255) DEFAULT NULL,
  `status` varchar(255) DEFAULT NULL,
  `status_message` varchar(255) DEFAULT NULL,
  `active` tinyint(1) NOT NULL DEFAULT '0',
  `force_pass_reset` tinyint(1) NOT NULL DEFAULT '0',
  `created_at` datetime DEFAULT NULL,
  `updated_at` datetime DEFAULT NULL,
  `deleted_at` datetime DEFAULT NULL,
  PRIMARY KEY (`id`),
  UNIQUE KEY `email` (`email`),
  UNIQUE KEY `username` (`username`)
) ENGINE=InnoDB AUTO_INCREMENT=6 DEFAULT CHARSET=utf8;

-- Dumping data for table mythauth.users: ~5 rows (approximately)
/*!40000 ALTER TABLE `users` DISABLE KEYS */;
INSERT INTO `users` (`id`, `email`, `username`, `name`, `password_hash`, `reset_hash`, `reset_at`, `reset_expires`, `activate_hash`, `status`, `status_message`, `active`, `force_pass_reset`, `created_at`, `updated_at`, `deleted_at`) VALUES
	(1, 'admin@example.com', 'Aldi', 'Aldi Bragi', '$2a$12$dcyYXzDT.W.zvCUxwvMxk.wZcI2sc0XzFvXZMTChuH44j360AjjVK', NULL, NULL, NULL, '09f9fff2f2d950219e1ee001b56fb39b', NULL, NULL, 1, 0, '2022-08-30 00:28:30', '2022-09-03 12:35:30', '2022-09-03 12:45:54'),
	(2, 'aldi2@aldi.com', 'Aldi2', 'Mas Aldi', '$2y$10$ut3PqwNNWeIV8WmbcKD9cu3IA8Fw5SgCIjnWkohrqLlnBDRtyo9Cu', NULL, NULL, NULL, '5217c0fdb309377cc1e5bc5d7a22c51b', NULL, NULL, 1, 0, '2022-08-30 00:31:01', '2022-08-30 00:31:01', NULL),
	(3, 'aaa@aa.com', 'Gaul', 'Aldi3', '$2y$10$zFDEy7qphP215/vAbSwTkefV8.utZomNTwL2w0f1mXMwpvkVQqOtq', NULL, NULL, NULL, NULL, NULL, NULL, 1, 0, '2022-09-03 10:32:27', '2022-09-03 12:52:03', NULL),
	(4, 'alidimyatiaz@gmail.com', 'aldi4', 'aldi5', '$2y$10$iVtEwgvD3AcXWZo.ATVdKuGabuQdUZOIby3aU7sx2mI3oZ3A9VQuO', NULL, NULL, NULL, NULL, NULL, NULL, 0, 0, '2022-09-03 10:45:01', '2022-09-03 12:35:49', NULL),
	(5, 'aldi6@aldi.com', 'aldi6', 'aldi6', '$2y$10$iSv31xBJnJbxWSS2oBx.cethiD8ranaYXcCirWu1dv6q5Q7cR.4m.', NULL, NULL, NULL, NULL, NULL, NULL, 0, 0, '2022-09-03 10:52:19', '2022-09-03 10:52:19', '2022-09-03 12:46:07');
/*!40000 ALTER TABLE `users` ENABLE KEYS */;

/*!40101 SET SQL_MODE=IFNULL(@OLD_SQL_MODE, '') */;
/*!40014 SET FOREIGN_KEY_CHECKS=IFNULL(@OLD_FOREIGN_KEY_CHECKS, 1) */;
/*!40101 SET CHARACTER_SET_CLIENT=@OLD_CHARACTER_SET_CLIENT */;
/*!40111 SET SQL_NOTES=IFNULL(@OLD_SQL_NOTES, 1) */;
