-- --------------------------------------------------------
-- Host:                         127.0.0.1
-- Server version:               5.7.33 - MySQL Community Server (GPL)
-- Server OS:                    Win64
-- HeidiSQL Version:             11.2.0.6213
-- --------------------------------------------------------

/*!40101 SET @OLD_CHARACTER_SET_CLIENT=@@CHARACTER_SET_CLIENT */;
/*!40101 SET NAMES utf8 */;
/*!50503 SET NAMES utf8mb4 */;
/*!40014 SET @OLD_FOREIGN_KEY_CHECKS=@@FOREIGN_KEY_CHECKS, FOREIGN_KEY_CHECKS=0 */;
/*!40101 SET @OLD_SQL_MODE=@@SQL_MODE, SQL_MODE='NO_AUTO_VALUE_ON_ZERO' */;
/*!40111 SET @OLD_SQL_NOTES=@@SQL_NOTES, SQL_NOTES=0 */;

-- Dumping structure for table mythauth.auth_activation_attempts
CREATE TABLE IF NOT EXISTS `auth_activation_attempts` (
  `id` int(11) unsigned NOT NULL AUTO_INCREMENT,
  `ip_address` varchar(255) NOT NULL,
  `user_agent` varchar(255) NOT NULL,
  `token` varchar(255) DEFAULT NULL,
  `created_at` datetime NOT NULL,
  PRIMARY KEY (`id`)
) ENGINE=InnoDB DEFAULT CHARSET=utf8;

-- Dumping data for table mythauth.auth_activation_attempts: ~0 rows (approximately)
/*!40000 ALTER TABLE `auth_activation_attempts` DISABLE KEYS */;
/*!40000 ALTER TABLE `auth_activation_attempts` ENABLE KEYS */;

-- Dumping structure for table mythauth.auth_groups
CREATE TABLE IF NOT EXISTS `auth_groups` (
  `id` int(11) unsigned NOT NULL AUTO_INCREMENT,
  `name` varchar(255) NOT NULL,
  `description` varchar(255) NOT NULL,
  PRIMARY KEY (`id`)
) ENGINE=InnoDB AUTO_INCREMENT=10 DEFAULT CHARSET=utf8;

-- Dumping data for table mythauth.auth_groups: ~6 rows (approximately)
/*!40000 ALTER TABLE `auth_groups` DISABLE KEYS */;
INSERT INTO `auth_groups` (`id`, `name`, `description`) VALUES
	(1, 'Superadmin', 'Super Admin lho'),
	(2, 'Admin', 'Admin'),
	(3, 'Manager', 'Manager'),
	(4, 'Staff', 'Staff'),
	(5, 'tessaja', 'tes saja'),
	(9, 'teshagsj', 'hjhgjhg');
/*!40000 ALTER TABLE `auth_groups` ENABLE KEYS */;

-- Dumping structure for table mythauth.auth_groups_permissions
CREATE TABLE IF NOT EXISTS `auth_groups_permissions` (
  `group_id` int(11) unsigned NOT NULL DEFAULT '0',
  `permission_id` int(11) unsigned NOT NULL DEFAULT '0',
  KEY `auth_groups_permissions_permission_id_foreign` (`permission_id`),
  KEY `group_id_permission_id` (`group_id`,`permission_id`),
  CONSTRAINT `auth_groups_permissions_group_id_foreign` FOREIGN KEY (`group_id`) REFERENCES `auth_groups` (`id`) ON DELETE CASCADE,
  CONSTRAINT `auth_groups_permissions_permission_id_foreign` FOREIGN KEY (`permission_id`) REFERENCES `auth_permissions` (`id`) ON DELETE CASCADE
) ENGINE=InnoDB DEFAULT CHARSET=utf8;

-- Dumping data for table mythauth.auth_groups_permissions: ~2 rows (approximately)
/*!40000 ALTER TABLE `auth_groups_permissions` DISABLE KEYS */;
INSERT INTO `auth_groups_permissions` (`group_id`, `permission_id`) VALUES
	(1, 1),
	(1, 2);
/*!40000 ALTER TABLE `auth_groups_permissions` ENABLE KEYS */;

-- Dumping structure for table mythauth.auth_groups_users
CREATE TABLE IF NOT EXISTS `auth_groups_users` (
  `group_id` int(11) unsigned NOT NULL DEFAULT '0',
  `user_id` int(11) unsigned NOT NULL DEFAULT '0',
  KEY `auth_groups_users_user_id_foreign` (`user_id`),
  KEY `group_id_user_id` (`group_id`,`user_id`),
  CONSTRAINT `auth_groups_users_group_id_foreign` FOREIGN KEY (`group_id`) REFERENCES `auth_groups` (`id`) ON DELETE CASCADE,
  CONSTRAINT `auth_groups_users_user_id_foreign` FOREIGN KEY (`user_id`) REFERENCES `users` (`id`) ON DELETE CASCADE
) ENGINE=InnoDB DEFAULT CHARSET=utf8;

-- Dumping data for table mythauth.auth_groups_users: ~5 rows (approximately)
/*!40000 ALTER TABLE `auth_groups_users` DISABLE KEYS */;
INSERT INTO `auth_groups_users` (`group_id`, `user_id`) VALUES
	(1, 2),
	(3, 1),
	(4, 3),
	(4, 4),
	(4, 5);
/*!40000 ALTER TABLE `auth_groups_users` ENABLE KEYS */;

-- Dumping structure for table mythauth.auth_logins
CREATE TABLE IF NOT EXISTS `auth_logins` (
  `id` int(11) unsigned NOT NULL AUTO_INCREMENT,
  `ip_address` varchar(255) DEFAULT NULL,
  `email` varchar(255) DEFAULT NULL,
  `user_id` int(11) unsigned DEFAULT NULL,
  `date` datetime NOT NULL,
  `success` tinyint(1) NOT NULL,
  PRIMARY KEY (`id`),
  KEY `email` (`email`),
  KEY `user_id` (`user_id`)
) ENGINE=InnoDB AUTO_INCREMENT=16 DEFAULT CHARSET=utf8;

-- Dumping data for table mythauth.auth_logins: ~15 rows (approximately)
/*!40000 ALTER TABLE `auth_logins` DISABLE KEYS */;
INSERT INTO `auth_logins` (`id`, `ip_address`, `email`, `user_id`, `date`, `success`) VALUES
	(1, '::1', 'admin', NULL, '2022-08-30 00:27:44', 0),
	(2, '::1', 'admin', NULL, '2022-08-30 00:27:56', 0),
	(3, '::1', 'admin@admin.com', NULL, '2022-08-30 00:29:07', 0),
	(4, '::1', 'admin@example.com', NULL, '2022-08-30 00:30:35', 0),
	(5, '::1', 'Aldi2', 2, '2022-08-30 00:31:15', 0),
	(6, '::1', 'aldi2@aldi.com', 2, '2022-08-30 00:31:37', 1),
	(7, '::1', 'aldi2@aldi.com', 2, '2022-09-01 16:14:46', 1),
	(8, '::1', 'aldi2@aldi.com', 2, '2022-09-02 17:15:06', 1),
	(9, '::1', 'aldi2@aldi.com', 2, '2022-09-02 18:04:28', 1),
	(10, '::1', 'aldi2@aldi.com', 2, '2022-09-02 20:38:25', 1),
	(11, '::1', 'aldi2@aldi.com', 2, '2022-09-03 08:51:45', 1),
	(12, '::1', 'aaa@aa.com', 3, '2022-09-03 12:52:22', 1),
	(13, '::1', 'aldi2@aldi.com', 2, '2022-09-03 19:40:26', 1),
	(14, '::1', 'aldi2@aldi.com', 2, '2022-09-04 02:49:58', 1),
	(15, '::1', 'aldi2@aldi.com', 2, '2022-09-06 08:09:50', 1);
/*!40000 ALTER TABLE `auth_logins` ENABLE KEYS */;

-- Dumping structure for table mythauth.auth_permissions
CREATE TABLE IF NOT EXISTS `auth_permissions` (
  `id` int(11) unsigned NOT NULL AUTO_INCREMENT,
  `name` varchar(255) NOT NULL,
  `description` varchar(255) NOT NULL,
  PRIMARY KEY (`id`)
) ENGINE=InnoDB AUTO_INCREMENT=4 DEFAULT CHARSET=utf8;

-- Dumping data for table mythauth.auth_permissions: ~2 rows (approximately)
/*!40000 ALTER TABLE `auth_permissions` DISABLE KEYS */;
INSERT INTO `auth_permissions` (`id`, `name`, `description`) VALUES
	(1, 'user', 'Akses User'),
	(2, 'roles', 'Akses Role'),
	(3, 'roles.add', 'Ijin tambah Role s');
/*!40000 ALTER TABLE `auth_permissions` ENABLE KEYS */;

-- Dumping structure for table mythauth.auth_reset_attempts
CREATE TABLE IF NOT EXISTS `auth_reset_attempts` (
  `id` int(11) unsigned NOT NULL AUTO_INCREMENT,
  `email` varchar(255) NOT NULL,
  `ip_address` varchar(255) NOT NULL,
  `user_agent` varchar(255) NOT NULL,
  `token` varchar(255) DEFAULT NULL,
  `created_at` datetime NOT NULL,
  PRIMARY KEY (`id`)
) ENGINE=InnoDB DEFAULT CHARSET=utf8;

-- Dumping data for table mythauth.auth_reset_attempts: ~0 rows (approximately)
/*!40000 ALTER TABLE `auth_reset_attempts` DISABLE KEYS */;
/*!40000 ALTER TABLE `auth_reset_attempts` ENABLE KEYS */;

-- Dumping structure for table mythauth.auth_tokens
CREATE TABLE IF NOT EXISTS `auth_tokens` (
  `id` int(11) unsigned NOT NULL AUTO_INCREMENT,
  `selector` varchar(255) NOT NULL,
  `hashedValidator` varchar(255) NOT NULL,
  `user_id` int(11) unsigned NOT NULL,
  `expires` datetime NOT NULL,
  PRIMARY KEY (`id`),
  KEY `auth_tokens_user_id_foreign` (`user_id`),
  KEY `selector` (`selector`),
  CONSTRAINT `auth_tokens_user_id_foreign` FOREIGN KEY (`user_id`) REFERENCES `users` (`id`) ON DELETE CASCADE
) ENGINE=InnoDB DEFAULT CHARSET=utf8;

-- Dumping data for table mythauth.auth_tokens: ~0 rows (approximately)
/*!40000 ALTER TABLE `auth_tokens` DISABLE KEYS */;
/*!40000 ALTER TABLE `auth_tokens` ENABLE KEYS */;

-- Dumping structure for table mythauth.auth_users_permissions
CREATE TABLE IF NOT EXISTS `auth_users_permissions` (
  `user_id` int(11) unsigned NOT NULL DEFAULT '0',
  `permission_id` int(11) unsigned NOT NULL DEFAULT '0',
  KEY `auth_users_permissions_permission_id_foreign` (`permission_id`),
  KEY `user_id_permission_id` (`user_id`,`permission_id`),
  CONSTRAINT `auth_users_permissions_permission_id_foreign` FOREIGN KEY (`permission_id`) REFERENCES `auth_permissions` (`id`) ON DELETE CASCADE,
  CONSTRAINT `auth_users_permissions_user_id_foreign` FOREIGN KEY (`user_id`) REFERENCES `users` (`id`) ON DELETE CASCADE
) ENGINE=InnoDB DEFAULT CHARSET=utf8;

-- Dumping data for table mythauth.auth_users_permissions: ~0 rows (approximately)
/*!40000 ALTER TABLE `auth_users_permissions` DISABLE KEYS */;
INSERT INTO `auth_users_permissions` (`user_id`, `permission_id`) VALUES
	(2, 1);
/*!40000 ALTER TABLE `auth_users_permissions` ENABLE KEYS */;

-- Dumping structure for table mythauth.ci_sessions
CREATE TABLE IF NOT EXISTS `ci_sessions` (
  `id` varchar(128) NOT NULL,
  `ip_address` varchar(45) NOT NULL,
  `timestamp` timestamp NOT NULL DEFAULT CURRENT_TIMESTAMP,
  `data` blob NOT NULL,
  PRIMARY KEY (`id`),
  KEY `ci_sessions_timestamp` (`timestamp`)
) ENGINE=InnoDB DEFAULT CHARSET=latin1;

-- Dumping data for table mythauth.ci_sessions: ~90 rows (approximately)
/*!40000 ALTER TABLE `ci_sessions` DISABLE KEYS */;
INSERT INTO `ci_sessions` (`id`, `ip_address`, `timestamp`, `data`) VALUES
	('06q137kru5e6h3e0q8g2u4hep71vkls0', '::1', '2022-09-04 03:36:53', _binary 0x5F5F63695F6C6173745F726567656E65726174657C693A313636323233373431333B5F63695F70726576696F75735F75726C7C733A32373A22687474703A2F2F6C6F63616C686F73743A383038302F726F6C6573223B6C6F676765645F696E7C733A313A2232223B),
	('0h648drjm6t13ftokiduk2106rcl99fv', '::1', '2022-09-06 09:37:28', _binary 0x5F5F63695F6C6173745F726567656E65726174657C693A313636323433313834383B5F63695F70726576696F75735F75726C7C733A33313A22687474703A2F2F6C6F63616C686F73743A383038302F64617368626F617264223B6C6F676765645F696E7C733A313A2232223B),
	('0utg8qodt4b5kr4ib9pj9p95bhpamq8k', '::1', '2022-09-03 20:36:05', _binary 0x5F5F63695F6C6173745F726567656E65726174657C693A313636323231323136353B5F63695F70726576696F75735F75726C7C733A32373A22687474703A2F2F6C6F63616C686F73743A383038302F726F6C6573223B6C6F676765645F696E7C733A313A2232223B),
	('0veu280edvbioesgv3smv736785rvna6', '::1', '2022-09-02 20:44:01', _binary 0x5F5F63695F6C6173745F726567656E65726174657C693A313636323132363234313B5F63695F70726576696F75735F75726C7C733A33313A22687474703A2F2F6C6F63616C686F73743A383038302F64617368626F617264223B6C6F676765645F696E7C733A313A2232223B),
	('1a25jmbl39pi88uhovk409gnbl44ir35', '::1', '2022-09-03 13:02:18', _binary 0x5F5F63695F6C6173745F726567656E65726174657C693A313636323138343736323B5F63695F70726576696F75735F75726C7C733A33313A22687474703A2F2F6C6F63616C686F73743A383038302F64617368626F617264223B6C6F676765645F696E7C733A313A2233223B),
	('1ab0rfg9bm1a6osvr2867no7bn7b743q', '::1', '2022-09-02 16:39:37', _binary 0x5F5F63695F6C6173745F726567656E65726174657C693A313636323131313537373B5F63695F70726576696F75735F75726C7C733A32373A22687474703A2F2F6C6F63616C686F73743A383038302F6C6F67696E223B72656469726563745F75726C7C733A33313A22687474703A2F2F6C6F63616C686F73743A383038302F64617368626F617264223B),
	('1v9885luogojjm6amtlig2c8mtqmsflo', '::1', '2022-09-03 09:36:48', _binary 0x5F5F63695F6C6173745F726567656E65726174657C693A313636323137323630383B72656469726563745F75726C7C733A32373A22687474703A2F2F6C6F63616C686F73743A383038302F7573657273223B),
	('2rloc4h08caoqeotn159q25h0794n47k', '::1', '2022-09-03 17:30:55', _binary 0x5F5F63695F6C6173745F726567656E65726174657C693A313636323230313035353B5F63695F70726576696F75735F75726C7C733A32373A22687474703A2F2F6C6F63616C686F73743A383038302F726F6C6573223B6C6F676765645F696E7C733A313A2232223B),
	('2rs9bdlj75g7t51ksal63q6adjvegp4i', '::1', '2022-09-02 21:40:57', _binary 0x5F5F63695F6C6173745F726567656E65726174657C693A313636323132393635373B5F63695F70726576696F75735F75726C7C733A32373A22687474703A2F2F6C6F63616C686F73743A383038302F7573657273223B6C6F676765645F696E7C733A313A2232223B),
	('3amgdhnr8ufflcphha6svuvle6hiathm', '::1', '2022-09-06 09:53:57', _binary 0x5F5F63695F6C6173745F726567656E65726174657C693A313636323433323739333B5F63695F70726576696F75735F75726C7C733A33313A22687474703A2F2F6C6F63616C686F73743A383038302F64617368626F617264223B6C6F676765645F696E7C733A313A2232223B),
	('3ch1p77n2eankc8hr1hbq5vqm4aln015', '::1', '2022-09-03 19:40:26', _binary 0x5F5F63695F6C6173745F726567656E65726174657C693A313636323230383832363B72656469726563745F75726C7C733A32373A22687474703A2F2F6C6F63616C686F73743A383038302F726F6C6573223B5F63695F70726576696F75735F75726C7C733A32373A22687474703A2F2F6C6F63616C686F73743A383038302F6C6F67696E223B),
	('3u174op2kr5v125hin7ggfdulfba664n', '::1', '2022-09-02 22:04:34', _binary 0x5F5F63695F6C6173745F726567656E65726174657C693A313636323133313037343B5F63695F70726576696F75735F75726C7C733A32373A22687474703A2F2F6C6F63616C686F73743A383038302F7573657273223B6C6F676765645F696E7C733A313A2232223B),
	('4odp08kl8keklcfranokbtvknhjp5gth', '::1', '2022-09-03 16:40:15', _binary 0x5F5F63695F6C6173745F726567656E65726174657C693A313636323139383031353B5F63695F70726576696F75735F75726C7C733A32373A22687474703A2F2F6C6F63616C686F73743A383038302F726F6C6573223B6C6F676765645F696E7C733A313A2232223B),
	('4vclm6i2hl71r84i64hp0f409g5n0go6', '::1', '2022-09-02 16:55:12', _binary 0x5F5F63695F6C6173745F726567656E65726174657C693A313636323131323531323B5F63695F70726576696F75735F75726C7C733A32373A22687474703A2F2F6C6F63616C686F73743A383038302F6C6F67696E223B72656469726563745F75726C7C733A33313A22687474703A2F2F6C6F63616C686F73743A383038302F64617368626F617264223B),
	('5lqg88d6ae4mn9svn6ci6ie1v2oqjk44', '::1', '2022-09-02 22:12:23', _binary 0x5F5F63695F6C6173745F726567656E65726174657C693A313636323133313439343B5F63695F70726576696F75735F75726C7C733A32373A22687474703A2F2F6C6F63616C686F73743A383038302F7573657273223B6C6F676765645F696E7C733A313A2232223B),
	('61kd8i85gialosfm637s5grtj05nrfkf', '::1', '2022-09-03 07:04:00', _binary 0x5F5F63695F6C6173745F726567656E65726174657C693A313636323136333432383B),
	('6kikvdd2fbeciabgchm4ning4s3aoaro', '::1', '2022-09-04 03:44:18', _binary 0x5F5F63695F6C6173745F726567656E65726174657C693A313636323233373835383B5F63695F70726576696F75735F75726C7C733A32373A22687474703A2F2F6C6F63616C686F73743A383038302F726F6C6573223B6C6F676765645F696E7C733A313A2232223B),
	('7c8kae1ml8lvrmhrpetlrf19u2c78gji', '::1', '2022-09-03 09:41:01', _binary 0x5F5F63695F6C6173745F726567656E65726174657C693A313636323137323836313B5F63695F70726576696F75735F75726C7C733A32373A22687474703A2F2F6C6F63616C686F73743A383038302F7573657273223B6C6F676765645F696E7C733A313A2232223B),
	('7co9nte42571v900ru07edq70611f2rd', '::1', '2022-09-03 09:27:50', _binary 0x5F5F63695F6C6173745F726567656E65726174657C693A313636323137323037303B5F63695F70726576696F75735F75726C7C733A32373A22687474703A2F2F6C6F63616C686F73743A383038302F7573657273223B6C6F676765645F696E7C733A313A2232223B),
	('7h0llabtgb982htgcoh2bkig116chvv6', '::1', '2022-09-03 08:51:45', _binary 0x5F5F63695F6C6173745F726567656E65726174657C693A313636323136393930353B72656469726563745F75726C7C733A32373A22687474703A2F2F6C6F63616C686F73743A383038302F7573657273223B5F63695F70726576696F75735F75726C7C733A32373A22687474703A2F2F6C6F63616C686F73743A383038302F6C6F67696E223B),
	('8bo366c0t3ara4sq91k38cdkgap0lk30', '::1', '2022-09-03 13:11:32', _binary 0x5F5F63695F6C6173745F726567656E65726174657C693A313636323138353439323B5F63695F70726576696F75735F75726C7C733A32373A22687474703A2F2F6C6F63616C686F73743A383038302F7573657273223B6C6F676765645F696E7C733A313A2232223B),
	('9dt9tkfa7vge5crjdlk01kot3kf6buf7', '::1', '2022-09-02 19:57:01', _binary 0x5F5F63695F6C6173745F726567656E65726174657C693A313636323132333432313B5F63695F70726576696F75735F75726C7C733A33313A22687474703A2F2F6C6F63616C686F73743A383038302F64617368626F617264223B6C6F676765645F696E7C733A313A2232223B6D6573736167657C733A32333A2253656C616D617420646174616E67206B656D62616C6921223B5F5F63695F766172737C613A313A7B733A373A226D657373616765223B733A333A226F6C64223B7D),
	('9ekpdmgd9qlg379f32blobocof6aubqg', '::1', '2022-09-03 16:48:22', _binary 0x5F5F63695F6C6173745F726567656E65726174657C693A313636323139383530323B5F63695F70726576696F75735F75726C7C733A32373A22687474703A2F2F6C6F63616C686F73743A383038302F726F6C6573223B6C6F676765645F696E7C733A313A2232223B),
	('9kfn1h8f3os55mhdkf0uucb76dkj612e', '::1', '2022-09-03 10:57:02', _binary 0x5F5F63695F6C6173745F726567656E65726174657C693A313636323137373432323B5F63695F70726576696F75735F75726C7C733A32373A22687474703A2F2F6C6F63616C686F73743A383038302F7573657273223B6C6F676765645F696E7C733A313A2232223B),
	('9m2rgev7fjud2rp117alinqhhncrbdq6', '::1', '2022-09-02 18:04:28', _binary 0x5F5F63695F6C6173745F726567656E65726174657C693A313636323131363636383B72656469726563745F75726C7C733A33313A22687474703A2F2F6C6F63616C686F73743A383038302F64617368626F617264223B5F63695F70726576696F75735F75726C7C733A32373A22687474703A2F2F6C6F63616C686F73743A383038302F6C6F67696E223B),
	('9p141t3h8mapc4k382aols2d9dgm7n9o', '::1', '2022-09-02 17:06:34', _binary 0x5F5F63695F6C6173745F726567656E65726174657C693A313636323131333139343B72656469726563745F75726C7C733A32323A22687474703A2F2F6C6F63616C686F73743A383038302F223B5F63695F70726576696F75735F75726C7C733A32373A22687474703A2F2F6C6F63616C686F73743A383038302F6C6F67696E223B),
	('a0ldhkuak71tdkamtfvcqtgd9tj93flk', '::1', '2022-09-02 17:15:06', _binary 0x5F5F63695F6C6173745F726567656E65726174657C693A313636323131333730363B5F63695F70726576696F75735F75726C7C733A32373A22687474703A2F2F6C6F63616C686F73743A383038302F6C6F67696E223B72656469726563745F75726C7C733A33313A22687474703A2F2F6C6F63616C686F73743A383038302F64617368626F617264223B),
	('a6d90o42vem4ck5dfb19ltlqggvtsd9k', '::1', '2022-09-03 10:32:55', _binary 0x5F5F63695F6C6173745F726567656E65726174657C693A313636323137353937353B5F63695F70726576696F75735F75726C7C733A32373A22687474703A2F2F6C6F63616C686F73743A383038302F7573657273223B6C6F676765645F696E7C733A313A2232223B),
	('ae3ae1m4d08j2qlmlap310opd2i4ab2r', '::1', '2022-09-06 08:52:15', _binary 0x5F5F63695F6C6173745F726567656E65726174657C693A313636323432393133353B5F63695F70726576696F75735F75726C7C733A33313A22687474703A2F2F6C6F63616C686F73743A383038302F64617368626F617264223B6C6F676765645F696E7C733A313A2232223B),
	('ailkfobbn6ichgj4gtkpi60a74ms516v', '::1', '2022-09-03 11:02:38', _binary 0x5F5F63695F6C6173745F726567656E65726174657C693A313636323137373735383B5F63695F70726576696F75735F75726C7C733A32373A22687474703A2F2F6C6F63616C686F73743A383038302F7573657273223B6C6F676765645F696E7C733A313A2232223B),
	('av3klhp6ahmlld8sd3f3ufs9vk4guf81', '::1', '2022-09-02 21:22:36', _binary 0x5F5F63695F6C6173745F726567656E65726174657C693A313636323132383535363B5F63695F70726576696F75735F75726C7C733A32373A22687474703A2F2F6C6F63616C686F73743A383038302F7573657273223B6C6F676765645F696E7C733A313A2232223B),
	('bhurgnuuv0hslpo9pv7d5h4fjh55012q', '::1', '2022-09-03 15:30:06', _binary 0x5F5F63695F6C6173745F726567656E65726174657C693A313636323139333830363B5F63695F70726576696F75735F75726C7C733A32373A22687474703A2F2F6C6F63616C686F73743A383038302F726F6C6573223B6C6F676765645F696E7C733A313A2232223B),
	('bnhrr2or0lqhnenvfbacmf8p6hkegkmn', '::1', '2022-09-03 12:59:22', _binary 0x5F5F63695F6C6173745F726567656E65726174657C693A313636323138343736323B5F63695F70726576696F75735F75726C7C733A33313A22687474703A2F2F6C6F63616C686F73743A383038302F64617368626F617264223B6C6F676765645F696E7C733A313A2233223B),
	('c6gab1bk1gt1m85cuubc32g4842aaen0', '::1', '2022-09-02 17:07:08', _binary 0x5F5F63695F6C6173745F726567656E65726174657C693A313636323131333232383B72656469726563745F75726C7C733A33313A22687474703A2F2F6C6F63616C686F73743A383038302F64617368626F617264223B),
	('cem8oqaa1lk64vb4o50mu6qgkt1j5401', '::1', '2022-09-02 22:11:34', _binary 0x5F5F63695F6C6173745F726567656E65726174657C693A313636323133313439343B5F63695F70726576696F75735F75726C7C733A32373A22687474703A2F2F6C6F63616C686F73743A383038302F7573657273223B6C6F676765645F696E7C733A313A2232223B),
	('cfg1ga5fqausfn5j513qjtq96h8d6291', '::1', '2022-09-04 03:03:35', _binary 0x5F5F63695F6C6173745F726567656E65726174657C693A313636323233353431353B5F63695F70726576696F75735F75726C7C733A32373A22687474703A2F2F6C6F63616C686F73743A383038302F726F6C6573223B6C6F676765645F696E7C733A313A2232223B),
	('cv7c22peng1posgc9siskgb59a8vqu77', '::1', '2022-09-03 12:48:07', _binary 0x5F5F63695F6C6173745F726567656E65726174657C693A313636323138343038373B5F63695F70726576696F75735F75726C7C733A32373A22687474703A2F2F6C6F63616C686F73743A383038302F7573657273223B6C6F676765645F696E7C733A313A2232223B),
	('d5i54bk8bvg6aaoq5ljk8c4v43f94mgc', '::1', '2022-09-02 21:46:54', _binary 0x5F5F63695F6C6173745F726567656E65726174657C693A313636323133303031343B5F63695F70726576696F75735F75726C7C733A32373A22687474703A2F2F6C6F63616C686F73743A383038302F7573657273223B6C6F676765645F696E7C733A313A2232223B),
	('d7ffoan1nlg32ligp2umacdi1t3dp2sn', '::1', '2022-09-02 21:05:21', _binary 0x5F5F63695F6C6173745F726567656E65726174657C693A313636323132373532313B5F63695F70726576696F75735F75726C7C733A32373A22687474703A2F2F6C6F63616C686F73743A383038302F7573657273223B6C6F676765645F696E7C733A313A2232223B),
	('db1dq9bd0usfk6n0udfmuinmf4p79eui', '::1', '2022-09-03 15:39:10', _binary 0x5F5F63695F6C6173745F726567656E65726174657C693A313636323139343335303B5F63695F70726576696F75735F75726C7C733A32373A22687474703A2F2F6C6F63616C686F73743A383038302F726F6C6573223B6C6F676765645F696E7C733A313A2232223B),
	('dcfdg3m9qbsf0utmsrof6dp3konk8s2s', '::1', '2022-09-02 16:34:09', _binary 0x5F5F63695F6C6173745F726567656E65726174657C693A313636323131313234393B5F63695F70726576696F75735F75726C7C733A33313A22687474703A2F2F6C6F63616C686F73743A383038302F64617368626F617264223B),
	('e17rnh06s05l6sd9v9ev3k8qbe17i9kk', '::1', '2022-09-02 16:47:51', _binary 0x5F5F63695F6C6173745F726567656E65726174657C693A313636323131323037313B5F63695F70726576696F75735F75726C7C733A32373A22687474703A2F2F6C6F63616C686F73743A383038302F6C6F67696E223B72656469726563745F75726C7C733A33313A22687474703A2F2F6C6F63616C686F73743A383038302F64617368626F617264223B),
	('e67ovhbc23vvk9g1qvcc9gavgi29bp0j', '::1', '2022-09-03 11:21:45', _binary 0x5F5F63695F6C6173745F726567656E65726174657C693A313636323137383930353B5F63695F70726576696F75735F75726C7C733A32373A22687474703A2F2F6C6F63616C686F73743A383038302F7573657273223B6C6F676765645F696E7C733A313A2232223B),
	('e9gktcti2495bss39eit7g18b7c5t5fp', '::1', '2022-09-03 17:39:11', _binary 0x5F5F63695F6C6173745F726567656E65726174657C693A313636323230313432323B5F63695F70726576696F75735F75726C7C733A32373A22687474703A2F2F6C6F63616C686F73743A383038302F726F6C6573223B6C6F676765645F696E7C733A313A2232223B),
	('edsu94ds6m5m5q3astan2nq1fbsd4las', '::1', '2022-09-02 18:03:54', _binary 0x5F5F63695F6C6173745F726567656E65726174657C693A313636323131363633343B5F63695F70726576696F75735F75726C7C733A33313A22687474703A2F2F6C6F63616C686F73743A383038302F64617368626F617264223B6C6F676765645F696E7C733A313A2232223B6D6573736167657C733A32333A2253656C616D617420646174616E67206B656D62616C6921223B5F5F63695F766172737C613A313A7B733A373A226D657373616765223B733A333A226F6C64223B7D),
	('eolqe8pc5os4ep1rikeqj2m9o645lgf5', '::1', '2022-09-02 17:10:23', _binary 0x5F5F63695F6C6173745F726567656E65726174657C693A313636323131333432333B5F63695F70726576696F75735F75726C7C733A32373A22687474703A2F2F6C6F63616C686F73743A383038302F6C6F67696E223B72656469726563745F75726C7C733A33313A22687474703A2F2F6C6F63616C686F73743A383038302F64617368626F617264223B),
	('ept4ppuuc5g44rrafguahhr99qufocl9', '::1', '2022-09-03 12:37:25', _binary 0x5F5F63695F6C6173745F726567656E65726174657C693A313636323138333434353B5F63695F70726576696F75735F75726C7C733A32373A22687474703A2F2F6C6F63616C686F73743A383038302F7573657273223B6C6F676765645F696E7C733A313A2232223B),
	('er6h7s6pkemkcp5qlp3b5g9ut281q7ol', '::1', '2022-09-03 20:36:32', _binary 0x5F5F63695F6C6173745F726567656E65726174657C693A313636323231323136353B5F63695F70726576696F75735F75726C7C733A32373A22687474703A2F2F6C6F63616C686F73743A383038302F726F6C6573223B6C6F676765645F696E7C733A313A2232223B),
	('flru49jtmndrbkcnufdrq0etjc1tut7o', '::1', '2022-09-03 11:43:33', _binary 0x5F5F63695F6C6173745F726567656E65726174657C693A313636323138303231333B5F63695F70726576696F75735F75726C7C733A32373A22687474703A2F2F6C6F63616C686F73743A383038302F7573657273223B6C6F676765645F696E7C733A313A2232223B),
	('fotr0gl9ltb3he2imag7cmaniemtj3s2', '::1', '2022-09-06 08:09:50', _binary 0x5F5F63695F6C6173745F726567656E65726174657C693A313636323432363539303B72656469726563745F75726C7C733A32323A22687474703A2F2F6C6F63616C686F73743A383038302F223B5F63695F70726576696F75735F75726C7C733A32373A22687474703A2F2F6C6F63616C686F73743A383038302F6C6F67696E223B),
	('fv90hclac83a03c8vnc33qkv5ks2hdaj', '::1', '2022-09-03 15:57:31', _binary 0x5F5F63695F6C6173745F726567656E65726174657C693A313636323139353435313B5F63695F70726576696F75735F75726C7C733A32373A22687474703A2F2F6C6F63616C686F73743A383038302F726F6C6573223B6C6F676765645F696E7C733A313A2232223B),
	('gulg0b0159g2u8a8puhpnh3jd98cjfsd', '::1', '2022-09-02 21:52:45', _binary 0x5F5F63695F6C6173745F726567656E65726174657C693A313636323133303336353B5F63695F70726576696F75735F75726C7C733A32373A22687474703A2F2F6C6F63616C686F73743A383038302F7573657273223B6C6F676765645F696E7C733A313A2232223B),
	('hituo68c3bsm93qbkhsmedralajsv837', '::1', '2022-09-04 02:49:58', _binary 0x5F5F63695F6C6173745F726567656E65726174657C693A313636323233343539383B72656469726563745F75726C7C733A32373A22687474703A2F2F6C6F63616C686F73743A383038302F726F6C6573223B5F63695F70726576696F75735F75726C7C733A32373A22687474703A2F2F6C6F63616C686F73743A383038302F6C6F67696E223B),
	('iampmfpnqld37ll584kii0btdtrr186s', '::1', '2022-09-04 05:05:20', _binary 0x5F5F63695F6C6173745F726567656E65726174657C693A313636323234323732303B5F63695F70726576696F75735F75726C7C733A32373A22687474703A2F2F6C6F63616C686F73743A383038302F726F6C6573223B6C6F676765645F696E7C733A313A2232223B),
	('ijfakt8vokqbkgcsfmjm9poll1kqg9vi', '::1', '2022-09-02 20:38:25', _binary 0x5F5F63695F6C6173745F726567656E65726174657C693A313636323132353930353B72656469726563745F75726C7C733A33313A22687474703A2F2F6C6F63616C686F73743A383038302F64617368626F617264223B5F63695F70726576696F75735F75726C7C733A32373A22687474703A2F2F6C6F63616C686F73743A383038302F6C6F67696E223B),
	('iocqk5do4767sllebrnu1f9jfkosrumk', '::1', '2022-09-03 17:37:02', _binary 0x5F5F63695F6C6173745F726567656E65726174657C693A313636323230313432323B5F63695F70726576696F75735F75726C7C733A32373A22687474703A2F2F6C6F63616C686F73743A383038302F726F6C6573223B6C6F676765645F696E7C733A313A2232223B),
	('iov7801200anhc1vsnlg4t5c1ltad5rh', '::1', '2022-09-03 13:29:56', _binary 0x5F5F63695F6C6173745F726567656E65726174657C693A313636323138363539363B5F63695F70726576696F75735F75726C7C733A32373A22687474703A2F2F6C6F63616C686F73743A383038302F726F6C6573223B6C6F676765645F696E7C733A313A2232223B),
	('jbod7nv2cq11470acl29b8eort4hhohu', '::1', '2022-09-03 09:22:42', _binary 0x5F5F63695F6C6173745F726567656E65726174657C693A313636323137313736323B5F63695F70726576696F75735F75726C7C733A32373A22687474703A2F2F6C6F63616C686F73743A383038302F7573657273223B6C6F676765645F696E7C733A313A2232223B),
	('jcs8focli2u5243b19tdqaeqbb1m3b21', '::1', '2022-09-03 17:03:13', _binary 0x5F5F63695F6C6173745F726567656E65726174657C693A313636323139393339333B5F63695F70726576696F75735F75726C7C733A32373A22687474703A2F2F6C6F63616C686F73743A383038302F726F6C6573223B6C6F676765645F696E7C733A313A2232223B),
	('jmhhdcjcr73uee74uv4acv52d22fm61q', '::1', '2022-09-02 20:37:17', _binary 0x5F5F63695F6C6173745F726567656E65726174657C693A313636323132353833373B5F63695F70726576696F75735F75726C7C733A33313A22687474703A2F2F6C6F63616C686F73743A383038302F64617368626F617264223B6C6F676765645F696E7C733A313A2232223B),
	('jsqv50ee0rilgbnine783je3tjk1iqlb', '::1', '2022-09-03 09:50:07', _binary 0x5F5F63695F6C6173745F726567656E65726174657C693A313636323137333430373B5F63695F70726576696F75735F75726C7C733A32373A22687474703A2F2F6C6F63616C686F73743A383038302F7573657273223B6C6F676765645F696E7C733A313A2232223B),
	('jv877iu2he1de9ovbttd0v1m7drukk34', '::1', '2022-09-03 09:09:15', _binary 0x5F5F63695F6C6173745F726567656E65726174657C693A313636323137303935353B5F63695F70726576696F75735F75726C7C733A32373A22687474703A2F2F6C6F63616C686F73743A383038302F7573657273223B6C6F676765645F696E7C733A313A2232223B6D6573736167657C733A32333A2253656C616D617420646174616E67206B656D62616C6921223B5F5F63695F766172737C613A313A7B733A373A226D657373616765223B733A333A226F6C64223B7D),
	('ksfghh7p7hvo4et2ffodjtjrciii6pnd', '::1', '2022-09-04 05:05:33', _binary 0x5F5F63695F6C6173745F726567656E65726174657C693A313636323234323732303B5F63695F70726576696F75735F75726C7C733A33313A22687474703A2F2F6C6F63616C686F73743A383038302F64617368626F617264223B6C6F676765645F696E7C733A313A2232223B),
	('l75d47tn371vbs8s9aud9mo9ofgt03ur', '::1', '2022-09-06 09:03:59', _binary 0x5F5F63695F6C6173745F726567656E65726174657C693A313636323432393833393B5F63695F70726576696F75735F75726C7C733A33313A22687474703A2F2F6C6F63616C686F73743A383038302F64617368626F617264223B6C6F676765645F696E7C733A313A2232223B),
	('lhjst5vk5n34u4pqoqvbmhlelheetf61', '::1', '2022-09-03 10:18:54', _binary 0x5F5F63695F6C6173745F726567656E65726174657C693A313636323137353133343B5F63695F70726576696F75735F75726C7C733A32373A22687474703A2F2F6C6F63616C686F73743A383038302F7573657273223B6C6F676765645F696E7C733A313A2232223B),
	('ln2ru2amuvk0umrd57c013gctqrc53cl', '::1', '2022-09-03 10:45:56', _binary 0x5F5F63695F6C6173745F726567656E65726174657C693A313636323137363735363B5F63695F70726576696F75735F75726C7C733A32373A22687474703A2F2F6C6F63616C686F73743A383038302F7573657273223B6C6F676765645F696E7C733A313A2232223B),
	('lo6uenoapi0nmcmuhr5ujitmt8m47kud', '::1', '2022-09-03 16:56:05', _binary 0x5F5F63695F6C6173745F726567656E65726174657C693A313636323139383936353B5F63695F70726576696F75735F75726C7C733A32373A22687474703A2F2F6C6F63616C686F73743A383038302F726F6C6573223B6C6F676765645F696E7C733A313A2232223B),
	('m10n5d1mku5g89r8b3akuj5bd8f51kfr', '::1', '2022-09-03 10:51:27', _binary 0x5F5F63695F6C6173745F726567656E65726174657C693A313636323137373038373B5F63695F70726576696F75735F75726C7C733A32373A22687474703A2F2F6C6F63616C686F73743A383038302F7573657273223B6C6F676765645F696E7C733A313A2232223B),
	('n8c54dfq4qk1khije24cld3vpfon3fun', '::1', '2022-09-03 09:56:06', _binary 0x5F5F63695F6C6173745F726567656E65726174657C693A313636323137333736363B5F63695F70726576696F75735F75726C7C733A32373A22687474703A2F2F6C6F63616C686F73743A383038302F7573657273223B6C6F676765645F696E7C733A313A2232223B),
	('nbnaka4u4ouon5ovpj9ih41b5k5sr63b', '::1', '2022-09-04 02:55:42', _binary 0x5F5F63695F6C6173745F726567656E65726174657C693A313636323233343934323B5F63695F70726576696F75735F75726C7C733A32373A22687474703A2F2F6C6F63616C686F73743A383038302F726F6C6573223B6C6F676765645F696E7C733A313A2232223B),
	('nm27jppins7p1e8i1l5vn7vaisjcbu9g', '::1', '2022-09-03 17:17:35', _binary 0x5F5F63695F6C6173745F726567656E65726174657C693A313636323230303235353B5F63695F70726576696F75735F75726C7C733A32373A22687474703A2F2F6C6F63616C686F73743A383038302F726F6C6573223B6C6F676765645F696E7C733A313A2232223B),
	('o0rpi7jaf6okjbrbsaa1jnf2ab7snqk6', '::1', '2022-09-03 12:42:27', _binary 0x5F5F63695F6C6173745F726567656E65726174657C693A313636323138333734373B5F63695F70726576696F75735F75726C7C733A32373A22687474703A2F2F6C6F63616C686F73743A383038302F7573657273223B6C6F676765645F696E7C733A313A2232223B),
	('oji7b55r8nbndb68r2v4ld9rgkrsv488', '::1', '2022-09-03 09:14:33', _binary 0x5F5F63695F6C6173745F726567656E65726174657C693A313636323137313237333B5F63695F70726576696F75735F75726C7C733A32373A22687474703A2F2F6C6F63616C686F73743A383038302F7573657273223B6C6F676765645F696E7C733A313A2232223B),
	('oo638od2ot41qqtuvmt7t955oq6ma7ki', '::1', '2022-09-03 10:13:06', _binary 0x5F5F63695F6C6173745F726567656E65726174657C693A313636323137343738363B5F63695F70726576696F75735F75726C7C733A32373A22687474703A2F2F6C6F63616C686F73743A383038302F7573657273223B6C6F676765645F696E7C733A313A2232223B),
	('otk1ma8g1hncdmkrf2dpb8qaeoj36a1h', '::1', '2022-09-06 09:09:16', _binary 0x5F5F63695F6C6173745F726567656E65726174657C693A313636323433303135363B5F63695F70726576696F75735F75726C7C733A33313A22687474703A2F2F6C6F63616C686F73743A383038302F64617368626F617264223B6C6F676765645F696E7C733A313A2232223B),
	('p1hs05r8mrd84vl8cd5sl28nhp4n70mf', '::1', '2022-09-03 11:27:38', _binary 0x5F5F63695F6C6173745F726567656E65726174657C693A313636323137393235383B5F63695F70726576696F75735F75726C7C733A32373A22687474703A2F2F6C6F63616C686F73743A383038302F7573657273223B6C6F676765645F696E7C733A313A2232223B),
	('phcj72qlrpqrm1te8evdtmfcgr2175r3', '::1', '2022-09-03 11:14:24', _binary 0x5F5F63695F6C6173745F726567656E65726174657C693A313636323137383436343B5F63695F70726576696F75735F75726C7C733A32373A22687474703A2F2F6C6F63616C686F73743A383038302F7573657273223B6C6F676765645F696E7C733A313A2232223B),
	('pk8n2c2i7ulf1hgelbn5aakk35632tt8', '::1', '2022-09-03 12:52:22', _binary 0x5F5F63695F6C6173745F726567656E65726174657C693A313636323138343334323B72656469726563745F75726C7C733A32323A22687474703A2F2F6C6F63616C686F73743A383038302F223B5F63695F70726576696F75735F75726C7C733A32373A22687474703A2F2F6C6F63616C686F73743A383038302F6C6F67696E223B),
	('qq07f790pb21ppvcvss1jq0mcaqqg6c1', '::1', '2022-09-06 09:53:13', _binary 0x5F5F63695F6C6173745F726567656E65726174657C693A313636323433323739333B5F63695F70726576696F75735F75726C7C733A33313A22687474703A2F2F6C6F63616C686F73743A383038302F64617368626F617264223B6C6F676765645F696E7C733A313A2232223B),
	('r36if2h2t3uff7avmf714l62il8pohbt', '::1', '2022-09-02 20:50:02', _binary 0x5F5F63695F6C6173745F726567656E65726174657C693A313636323132363630323B5F63695F70726576696F75735F75726C7C733A33313A22687474703A2F2F6C6F63616C686F73743A383038302F64617368626F617264223B6C6F676765645F696E7C733A313A2232223B),
	('rcc718nopmujc7qcmn86p10itkgl09ha', '::1', '2022-09-02 20:55:58', _binary 0x5F5F63695F6C6173745F726567656E65726174657C693A313636323132363935383B5F63695F70726576696F75735F75726C7C733A33313A22687474703A2F2F6C6F63616C686F73743A383038302F64617368626F617264223B6C6F676765645F696E7C733A313A2232223B),
	('s94jg60jrsrn3m86a7kb18buvtvh2j5t', '::1', '2022-09-03 09:33:59', _binary 0x5F5F63695F6C6173745F726567656E65726174657C693A313636323137323433393B5F63695F70726576696F75735F75726C7C733A32373A22687474703A2F2F6C6F63616C686F73743A383038302F7573657273223B6C6F676765645F696E7C733A313A2232223B),
	('sco2d2gjqujrttt3gioa23gghbj5lu93', '::1', '2022-09-02 17:05:06', _binary 0x5F5F63695F6C6173745F726567656E65726174657C693A313636323131333130363B5F63695F70726576696F75735F75726C7C733A32323A22687474703A2F2F6C6F63616C686F73743A383038302F223B72656469726563745F75726C7C733A33313A22687474703A2F2F6C6F63616C686F73743A383038302F64617368626F617264223B),
	('t12tl8mch2fbutmmlmen7ctnmf2102c4', '::1', '2022-09-03 13:02:29', _binary 0x5F5F63695F6C6173745F726567656E65726174657C693A313636323138343934393B5F63695F70726576696F75735F75726C7C733A32373A22687474703A2F2F6C6F63616C686F73743A383038302F7573657273223B6C6F676765645F696E7C733A313A2232223B),
	('t530m4g1hh36f1cvh8gk6n7aqea782tc', '::1', '2022-09-03 13:23:14', _binary 0x5F5F63695F6C6173745F726567656E65726174657C693A313636323138363139343B5F63695F70726576696F75735F75726C7C733A32373A22687474703A2F2F6C6F63616C686F73743A383038302F726F6C6573223B6C6F676765645F696E7C733A313A2232223B),
	('t5f3gl8qdlrru9jflalaqrdadidted97', '::1', '2022-09-04 03:51:26', _binary 0x5F5F63695F6C6173745F726567656E65726174657C693A313636323233383238363B5F63695F70726576696F75735F75726C7C733A34323A22687474703A2F2F6C6F63616C686F73743A383038302F64617368626F6172642F6765745F646174612F31223B6C6F676765645F696E7C733A313A2232223B),
	('tr2petsgcf7vuulreal44ahhsl8l0leg', '::1', '2022-09-03 12:14:01', _binary 0x5F5F63695F6C6173745F726567656E65726174657C693A313636323138323034313B5F63695F70726576696F75735F75726C7C733A32373A22687474703A2F2F6C6F63616C686F73743A383038302F7573657273223B6C6F676765645F696E7C733A313A2232223B),
	('tvdtqumn2dujf8so7snldqa1q9noer71', '::1', '2022-09-02 17:07:08', _binary 0x5F5F63695F6C6173745F726567656E65726174657C693A313636323131333232383B72656469726563745F75726C7C733A32323A22687474703A2F2F6C6F63616C686F73743A383038302F223B5F63695F70726576696F75735F75726C7C733A32373A22687474703A2F2F6C6F63616C686F73743A383038302F6C6F67696E223B),
	('u20oavc9roqhiqa7l9kpog7ueq7vcjd6', '::1', '2022-09-03 13:38:17', _binary 0x5F5F63695F6C6173745F726567656E65726174657C693A313636323138373039373B5F63695F70726576696F75735F75726C7C733A32373A22687474703A2F2F6C6F63616C686F73743A383038302F726F6C6573223B6C6F676765645F696E7C733A313A2232223B),
	('u4sk1spsqbu0v6bv5g0bvjvifoitaulr', '::1', '2022-09-02 21:59:24', _binary 0x5F5F63695F6C6173745F726567656E65726174657C693A313636323133303736343B5F63695F70726576696F75735F75726C7C733A32373A22687474703A2F2F6C6F63616C686F73743A383038302F7573657273223B6C6F676765645F696E7C733A313A2232223B),
	('u8q1ggp4n3vag0bj8a4urtqa8rl2bge0', '::1', '2022-09-04 13:19:28', _binary 0x5F5F63695F6C6173745F726567656E65726174657C693A313636323237323238303B72656469726563745F75726C7C733A32323A22687474703A2F2F6C6F63616C686F73743A383038302F223B5F63695F70726576696F75735F75726C7C733A32373A22687474703A2F2F6C6F63616C686F73743A383038302F6C6F67696E223B),
	('up2gmqgltg91k581pb66rj6s4o3rm06s', '::1', '2022-09-03 10:07:33', _binary 0x5F5F63695F6C6173745F726567656E65726174657C693A313636323137343435333B5F63695F70726576696F75735F75726C7C733A32373A22687474703A2F2F6C6F63616C686F73743A383038302F7573657273223B6C6F676765645F696E7C733A313A2232223B),
	('v9pcsgtv4mcoukku95g8au282qrf99dp', '::1', '2022-09-03 11:09:05', _binary 0x5F5F63695F6C6173745F726567656E65726174657C693A313636323137383134353B5F63695F70726576696F75735F75726C7C733A32373A22687474703A2F2F6C6F63616C686F73743A383038302F7573657273223B6C6F676765645F696E7C733A313A2232223B),
	('vbu1j3ls8hif4nicl6k253j2grgkqqn3', '::1', '2022-09-03 15:46:14', _binary 0x5F5F63695F6C6173745F726567656E65726174657C693A313636323139343737343B5F63695F70726576696F75735F75726C7C733A32373A22687474703A2F2F6C6F63616C686F73743A383038302F726F6C6573223B6C6F676765645F696E7C733A313A2232223B),
	('vp73vq18ej1gg57icrsev1jm85c1e8n8', '::1', '2022-09-03 13:17:40', _binary 0x5F5F63695F6C6173745F726567656E65726174657C693A313636323138353836303B5F63695F70726576696F75735F75726C7C733A32373A22687474703A2F2F6C6F63616C686F73743A383038302F726F6C6573223B6C6F676765645F696E7C733A313A2232223B);
/*!40000 ALTER TABLE `ci_sessions` ENABLE KEYS */;

-- Dumping structure for table mythauth.data_area
CREATE TABLE IF NOT EXISTS `data_area` (
  `id` int(11) NOT NULL AUTO_INCREMENT,
  `area` varchar(50) DEFAULT NULL,
  `ket` varchar(255) DEFAULT NULL,
  PRIMARY KEY (`id`) USING BTREE
) ENGINE=InnoDB AUTO_INCREMENT=5 DEFAULT CHARSET=latin1 COMMENT='list Area';

-- Dumping data for table mythauth.data_area: ~4 rows (approximately)
/*!40000 ALTER TABLE `data_area` DISABLE KEYS */;
INSERT INTO `data_area` (`id`, `area`, `ket`) VALUES
	(1, 'Jakarta', NULL),
	(2, 'Bogor', NULL),
	(3, 'Cirebon', NULL),
	(4, 'Indramayu', NULL);
/*!40000 ALTER TABLE `data_area` ENABLE KEYS */;

-- Dumping structure for table mythauth.data_equipment
CREATE TABLE IF NOT EXISTS `data_equipment` (
  `id` int(11) NOT NULL AUTO_INCREMENT,
  `nama` varchar(50) DEFAULT NULL,
  `rumus` varchar(255) DEFAULT NULL,
  PRIMARY KEY (`id`)
) ENGINE=InnoDB AUTO_INCREMENT=5 DEFAULT CHARSET=latin1 COMMENT='list Equipment';

-- Dumping data for table mythauth.data_equipment: ~4 rows (approximately)
/*!40000 ALTER TABLE `data_equipment` DISABLE KEYS */;
INSERT INTO `data_equipment` (`id`, `nama`, `rumus`) VALUES
	(1, 'Vessel', NULL),
	(2, 'Pipeline', NULL),
	(3, 'Tank', NULL),
	(4, 'Piping', NULL);
/*!40000 ALTER TABLE `data_equipment` ENABLE KEYS */;

-- Dumping structure for table mythauth.data_field
CREATE TABLE IF NOT EXISTS `data_field` (
  `id` int(11) NOT NULL AUTO_INCREMENT,
  `tab` varchar(100) DEFAULT NULL,
  `label` varchar(255) DEFAULT NULL,
  `satuan` varchar(50) DEFAULT NULL,
  `type` varchar(100) DEFAULT NULL,
  `look_up` varchar(100) DEFAULT NULL,
  `inCoding` varchar(100) DEFAULT NULL,
  PRIMARY KEY (`id`)
) ENGINE=InnoDB AUTO_INCREMENT=199 DEFAULT CHARSET=latin1 COMMENT='Data Field';

-- Dumping data for table mythauth.data_field: ~0 rows (approximately)
/*!40000 ALTER TABLE `data_field` DISABLE KEYS */;
INSERT INTO `data_field` (`id`, `tab`, `label`, `satuan`, `type`, `look_up`, `inCoding`) VALUES
	(1, 'General', 'Plant', '', 'text_lookup', 'Plant', 'Plant'),
	(2, 'General', 'Location Field', '', 'text_lookup', 'LocationField', 'LocationField'),
	(3, 'General', 'Asset Type', '', 'text_lookup', 'AssetType', 'AssetType'),
	(4, 'General', 'Section', '', 'text', '', 'Section'),
	(5, 'General', 'Pipeline Name', '', 'text', '', 'PipelineName'),
	(6, 'General', 'Description', '', 'text', '', 'Description'),
	(7, 'General', 'Pipeline From', '', 'text', '', 'PipelineFrom'),
	(8, 'General', 'Pipeline To', '', 'text', '', 'PipelineTo'),
	(9, 'General', 'Pipeline Type', '', 'text_lookup', 'PipelineType', 'PipelineType'),
	(10, 'General', 'Length', 'm', 'num', '', 'pipeLength'),
	(11, 'General', 'Nominal Diameter', 'inch', 'num', '', 'NominalDiameter'),
	(12, 'General', 'Pipeline Owner', '', 'text', '', 'PipelineOwner'),
	(13, 'General', 'Date Installed', '', 'date', '', 'DateInstalled'),
	(14, 'General', 'Year of last internal inspection', '', 'num', '', 'YearoflastInternalInspection'),
	(15, 'General', 'Year of last external inspection', '', 'num', '', 'YearoflastExternalInspection'),
	(16, 'General', 'KP start', '', 'text', '', 'KPStart'),
	(17, 'General', 'KP end', '', 'text', '', 'KPEnd'),
	(18, 'General', 'Pipeline Position', '', 'text_lookup', 'PipelinePosition', 'PipelinePosition'),
	(19, 'General', 'Piggable', '', 'Checked', '', 'Piggable'),
	(20, 'General', 'River Crossing', '', 'Checked', '', 'RiverCrossing'),
	(21, 'General', 'Road Crossing', '', 'Checked', '', 'RoadCrossing'),
	(22, 'General', 'Licence Number', '', 'text', '', 'PipelineLicenceNumber'),
	(23, 'General', 'Licence Valid Until', '', 'text', '', 'LicenceValidUntil'),
	(24, 'Design', 'Wall Thickness', 'Inch', 'num', '', 'WallThickness'),
	(25, 'Design', 'API Material', '', 'text_lookup', 'materialType', 'materialType'),
	(26, 'Design', 'SMYS', '', 'num', '', 'SMYS'),
	(27, 'Design', 'Design Temperature', 'deg F', 'num', '', 'DesignTemperature'),
	(28, 'Design', 'Design Pressure', 'psig', 'num', '', 'DesignPressure'),
	(29, 'Design', 'Design Safety Factor', '', 'num', '', 'design_safety'),
	(30, 'Design', 'Pipeline Hydrotested ?', '', 'Checked', '', 'PipelineHydrotested'),
	(31, 'Design', 'Hydrotest Pressure', '', 'num', '', 'HydrotestPressure'),
	(32, 'Design', 'Minimum Operating Temperature', '', 'num', '', 'MinimumOperatingTemperature'),
	(33, 'Design', 'Maximum Operating Temperature', '', 'num', '', 'MaximumOperatingTemperature'),
	(34, 'Design', 'Design life', 'year', 'num', '', 'DesignLife'),
	(35, 'Design', 'Pipeline design code', '', 'text_lookup', 'Pipelinedesigncode', 'Pipelinedesigncode'),
	(36, 'Design', 'MAOP', 'psig', 'num', '', 'maop'),
	(37, 'Design', 'Corrosion Allowance', 'inch', 'num', '', 'CorrosionAllowance'),
	(38, 'Design', 'Relified', '', 'Checked', '', 'Relified'),
	(39, 'Design', 'Concrete Coating Thickness', 'mm', 'num', '', 'ConcreteCoatingThickness'),
	(40, 'Design', 'Concrete Coating Density', 'kg mm3', 'num', '', 'ConcreteCoatingDensity'),
	(41, 'Design', 'Cathodic Protection System', '', 'text_lookup', 'CathodicProtectionSystem', 'CathodicProtectionSystem'),
	(42, 'Design', 'Backfilling methodology', '', 'text', '', 'Backfillingmethodology'),
	(43, 'Design', 'Internal Coating ?', '', 'Checked', '', 'InternalCoating'),
	(44, 'Design', 'Internal Coating Type', '', 'text_lookup', 'Coating_Type', 'InternalCoatingType'),
	(45, 'Design', 'External Coating Type', '', 'text_lookup', 'Coating_Type', 'ExternalCoatingType'),
	(46, 'Design', 'External Coating Thickness', '', 'num', '', 'ExternalCoatingThickness'),
	(47, 'Design', 'Neoprene coating applied ', '', 'text', '', 'NeopreneCoatingapplied'),
	(48, 'Design', 'Splash zone coating', '', 'text', '', 'Splashzonecoating'),
	(49, 'Design', 'Inlet MAOT', 'deg C', 'num', '', 'InletMAOT'),
	(50, 'Design', 'Oitlet MAOT', 'deg C', 'num', '', 'OitletMAOT'),
	(51, 'Operation', 'Fluid Contents', '', 'text_lookup', 'FluidContent', 'FluidContent'),
	(52, 'Operation', 'Fluid Phase', '', 'text_lookup', 'FluidPhase', 'FluidPhase'),
	(53, 'Operation', 'Toxic ?', '', 'Checked', '', 'Toxic'),
	(54, 'Operation', 'Flammable ?', '', 'Checked', '', 'Flammable'),
	(55, 'Operation', 'Line Dry ?', '', 'Checked', '', 'LineDry'),
	(56, 'Operation', 'Corrosion Inhibition ?', '', 'Checked', '', 'CorrosionInhibition      '),
	(57, 'Operation', 'Mole % water', '', 'num', '', 'MoleWater'),
	(58, 'Operation', 'mole % CO2', '', 'num', '', 'moleCO2'),
	(59, 'Operation', 'Mole % H2S', '', 'num', '', 'MoleH2S'),
	(60, 'Operation', 'O2 Concentration ', 'ppb', 'num', '', 'O2Concentration'),
	(61, 'Operation', 'Possiblle for inlet pressure exceed design P', '', 'Checked', '', 'posibletoPressure'),
	(62, 'Operation', 'Inlet Temperature ', 'Deg F', 'num', '', 'Inlet_Temperature'),
	(63, 'Operation', 'Outlet Temperature', 'Deg F', 'num', '', 'Outlet_Temperature'),
	(64, 'Operation', 'Inlet Pressure', 'psi', 'num', '', 'Inlet_Pressure'),
	(65, 'Operation', 'Outlet Pressure', 'psi', 'num', '', 'Outlet_Pressure'),
	(66, 'Operation', 'Gas Flowrate', 'mmscfd', 'num', '', 'gasFLowrate'),
	(67, 'Operation', 'Oil Cond. Flowrate  ', 'bpd', 'num', '', 'OilFlowrate'),
	(68, 'Operation', 'Water flowrate', 'bpd', 'num', '', 'WaterFlowrate'),
	(69, 'Operation', 'Daily Production Value for Gas $', '', 'num', '', 'DailyProductionGas$'),
	(70, 'Operation', 'Daily Production value for Oil $', '', 'num', '', 'DailyProductionOil$'),
	(71, 'Operation', 'DP', '', 'num', '', 'DPMAOP'),
	(72, 'Operation', 'Line Status', '', 'text_lookup', 'PipelineStatus', 'PipelineStatus'),
	(73, 'Operation', 'Inhibition availability', '', 'num', '', 'Inhibition_availability'),
	(74, 'Operation', 'Fluid Density', 'kg m-3', 'num', '', 'FluidDensity'),
	(75, 'Operation', 'Operating Pressure', 'psi', 'num', '', 'OperatingPressure'),
	(76, 'Operation', 'Operating Temperature', 'deg F', 'num', '', 'OperatingTemperature'),
	(77, 'Operation', 'Associated prod losss', '', 'num', '', 'Associatedprodlosss'),
	(78, 'Operation', 'Sand production Loss', 'kg/day', 'num', '', 'SandProdLoss'),
	(79, 'Operation', 'Operated Oiutside Design Paramter', '', 'Checked', '', 'OperatedOiutsideDesignParamter'),
	(80, 'PoF General', 'CO2 > 1 Bar', '', 'Checked', '', 'CO21Bar'),
	(81, 'PoF General', 'MIC', '', 'Checked', '', 'mic'),
	(82, 'PoF General', 'O2 > 50 ppm', '', 'Checked', '', 'O250ppm'),
	(83, 'PoF General', 'Water Vapour', '', 'Checked', '', 'WaterVapour'),
	(84, 'PoF General', 'Upset Condition', '', 'Checked', '', 'UpsetCondition'),
	(85, 'PoF General', 'Biocide', '', 'Checked', '', 'Biocide'),
	(86, 'PoF General', 'Sour Nace', '', 'Checked', '', 'SourNace'),
	(87, 'PoF General', 'Solids in line', '', 'Checked', '', 'Solidsinline'),
	(88, 'PoF General', 'CRA lined (interval)', '', 'Checked', '', 'CRAlinedInternal'),
	(89, 'PoF General', 'Water Droupout', '', 'Checked', '', 'WaterDroupout'),
	(90, 'PoF General', 'Continous water Phase', '', 'Checked', '', 'ContinousWaterPhase'),
	(91, 'PoF General', 'SRB Content ', 'Colonoes per ml', 'num', '', 'SRB'),
	(92, 'PoF General', 'Water', '', 'text_lookup', 'WaterPof', 'WaterPof'),
	(93, 'PoF General', 'Local Corrosion', '', 'text_lookup', 'LocalCorrosion', 'LocalCorrosion'),
	(94, 'PoF General', 'Age Factor', '', 'text_lookup', 'AgerFactor', 'AgerFactor'),
	(95, 'PoF General', 'Last Inspection Date for internal', '', 'date', '', 'LastInspectionDateforinternal'),
	(96, 'PoF General', 'Internal Inspection Historical', '', 'text_lookup', 'InternalInspectionHistorical', 'InternalInspectionHistorical'),
	(97, 'PoF General', 'Result Acceptable ?', '', 'Checked', '', 'ResultAcceptable'),
	(98, 'PoF General', 'Remedial action performed for internal inspection', '', 'Checked', '', 'Remedialaction'),
	(99, 'PoF General', 'Internal Inspection factor', '', 'text_lookup', 'InternalInspectionfactor', 'InternalInspectionfactor'),
	(100, 'PoF General', 'CP Reading', '', 'text_lookup', 'CPReading', 'CPReading'),
	(101, 'PoF General', 'Cathodic Protection System', '', 'text_lookup', 'CPSystem', 'CPSystem'),
	(102, 'PoF General', 'Min CP Measured', '', 'num', '', 'MinCPMeasured'),
	(103, 'PoF General', 'Anode Depletion', '', 'text', '', 'AnodeDepletion'),
	(104, 'PoF General', 'Last CP Survey', '', 'date', '', 'LastCPSurvey'),
	(105, 'PoF General', 'Cathodic Interference', '', 'text_lookup', 'CathodicInterference', 'CathodicInterference'),
	(106, 'PoF General', 'Know CP interference ?', '', 'Checked', '', 'KnowCPinterference'),
	(107, 'PoF General', 'Last Inspection Date for external', '', 'date', '', 'LastInspectionDateforexternal'),
	(108, 'PoF General', 'External Inspection Historical', '', 'text_lookup', 'ExternalInspectionHistorical', 'ExternalInspectionHistorical'),
	(109, 'PoF General', 'CRA External', '', 'Checked', '', 'CRA'),
	(110, 'PoF General', 'Leak History', '', 'text_lookup', 'LeakHistory', 'LeakHistory'),
	(111, 'PoF General', 'Number of corrosion realted leaks', '', 'num', '', 'NumOfCorrosionRelatedLeak'),
	(112, 'PoF General', 'Number of non-corrosion related leaks', '', 'num', '', 'NumOfOtherRelatedLeak'),
	(113, 'PoF General', 'Design', '', 'text_lookup', 'Design', 'Design'),
	(114, 'PoF General', 'Designed to recognized code ?', '', 'Checked', '', 'DesignCode'),
	(115, 'PoF General', 'P, T, Flowrate and composition within Design', '', 'Checked', '', 'OpsWithinDesign'),
	(116, 'PoF General', 'Threaded joints ?', '', 'Checked', '', 'ThreadedJoint'),
	(117, 'PoF General', 'Pigging plan in place and followed', '', 'Checked', '', 'Piggingplaninplaceandfollowed'),
	(118, 'PoF General', 'Pigging plan in place and not follow', '', 'Checked', '', 'Piggingplaninplaceandnotfollow'),
	(119, 'PoF General', 'No Pigging plan in place and occasional pigging', '', 'Checked', '', 'NoPiggingplaninplaceandoccasionalpigging'),
	(120, 'PoF General', 'Possiblle for inlet pressure exceed design P', '', 'Checked', '', 'PossiblleforinletpressureexceeddesignP'),
	(121, 'PoF General', 'Operational Pigging', '', 'text_lookup', 'PiggingOps', 'PiggingOps'),
	(122, 'PoF General', 'First Presure Protection System', '', 'text_lookup', 'PresureProtectionSystem', 'firstPress'),
	(123, 'PoF General', 'Second Pressure Protection System', '', 'text_lookup', 'PresureProtectionSystem', 'twoPress'),
	(124, 'PoF General', 'Pressure Cycling', '', 'text_lookup', 'PressureCycling', 'PressureCycling'),
	(125, 'PoF General', 'Number or pressure cyles > 10% MAOP per year', '', 'num', '', 'numPress'),
	(126, 'PoF General', 'Temperature Cycling', '', 'text_lookup', 'TemperatureCycling', 'TemperatureCycling'),
	(127, 'PoF General', 'Number of temperature cycles > 50 deg c per year', '', 'num', '', 'numTemp'),
	(128, 'PoF General', 'Overpressure', '', 'text_lookup', 'Overpressure', 'Overpressure'),
	(129, 'PoF General', 'Measure Corrosion Rate', 'mpy', 'num', '', 'MeasureCorrosionRate'),
	(130, 'PoF General', 'Maximum Axial Defect Length', 'mm', 'num', '', 'MaximumAxialDefectLength'),
	(131, 'PoF General', 'Maximum Defect Length', 'mm', 'num', '', 'MaximumDefectLength'),
	(132, 'PoF General', 'Situation Stable ?', '', 'Checked', '', 'SituationStable'),
	(133, 'PoF General', 'Actual civil or military unrest ?', '', 'Checked', '', 'Actualcivilormilitaryunrest'),
	(134, 'PoF General', 'Sabotage has occurred ?', '', 'Checked', '', 'Sabotagehasoccurred'),
	(135, 'PoF General', 'Sabotage Factor', '', 'text_lookup', 'sabotagefactor', 'sabotagefactor'),
	(136, 'Operation', 'Report', '', 'File Upload', '', 'report'),
	(137, 'PoF Onshore', 'Buriad Depth ', '', 'num', '', 'buriadDepth'),
	(138, 'PoF Onshore', 'Physical Protection', '', 'Checked', '', 'PhysicalProtection'),
	(139, 'PoF Onshore', 'ROW recognisable as such ', '', 'Checked', '', 'ROWrecognisableassuch'),
	(140, 'PoF Onshore', 'Warning Tape ', '', 'Checked', '', 'warningType'),
	(141, 'PoF Onshore', 'Markers Vissible (proportion or route)', '', 'Checked', '', 'MarkersVissible'),
	(142, 'PoF Onshore', 'Land  Stability', '', 'text_lookup', 'LandStability', 'LandStability'),
	(143, 'PoF Onshore', 'Land Slide across or under ROW', '', 'Checked', '', 'underROW'),
	(144, 'PoF Onshore', 'Land Slide across or under Pipeline', '', 'Checked', '', 'underPipeline'),
	(145, 'PoF Onshore', 'Right of Way Condition', '', 'text_lookup', 'rowCondition ', 'rowCondition '),
	(146, 'PoF Onshore', 'Onshore pipeline cover factor', '', 'text_lookup', 'Onshorepipelinecoverfactor', 'Onshorepipelinecoverfactor'),
	(147, 'PoF Onshore', 'Onshore population Density factor', '', 'text_lookup', 'Population_Density', 'OnshorepopulationDensityfactor'),
	(148, 'PoF Onshore', 'Migas 300 K Class', 'm', 'text_lookup', 'MigasClass', 'MigasClass'),
	(149, 'PoF Onshore', 'Last CP Survey', '', 'date', '', 'LastCPSurvey'),
	(150, 'PoF Onshore', 'CP Survey coverage', '', 'text_lookup', 'CPSurveycoverage', 'CPSurveycoverage'),
	(151, 'PoF Onshore', 'CP Survey', '', 'text_lookup', 'CPSurvey', 'CPSurvey'),
	(152, 'PoF Onshore', 'CP Survey Inspection Type ', '', 'text_lookup', 'CPSurveyInspectionType', 'CPSurveyInspectionType'),
	(153, 'PoF Onshore', 'Last ROW or GVI Survey', '', 'date', '', 'LastROWGVISurvey'),
	(154, 'PoF Onshore', 'ROW or GVI Survey Coverage', '', 'text_lookup', 'CPSurveycoverage', 'ROWorGVISurveyCoverage'),
	(155, 'PoF Onshore', 'Remedial action performed for ROW or GVI ?', '', 'Checked', '', 'RemedialactionperformedforROWorGVI'),
	(156, 'PoF Onshore', 'External Inspection Factor', '', 'text_lookup', 'externalfactor', 'externalfactor'),
	(157, 'PoF Onshore', 'Coating or Painting Condition', '', 'text_lookup', 'coatingCondition', 'coatingCondition'),
	(158, 'PoF Onshore', 'External Demage', '', 'text_lookup', 'ExternalDemage', 'ExternalDemage'),
	(159, 'CoF Onshore', 'Override Financial Costs For Pinhole Leak($)', '', 'num', '', 'OverRideDailyProductionGas$'),
	(160, 'CoF Onshore', 'Override Financial Cost For Rupture Leas ($)', '', 'num', '', 'OverRideDailyProductionOil$'),
	(161, 'CoF Onshore', 'Financial', '', 'text_lookup', 'financialFactor', 'financialFactor'),
	(162, 'CoF Onshore', 'Fluid Type', '', 'text_lookup', 'FluidType', 'FluidType'),
	(163, 'CoF Onshore', 'Environmental Sensitivity / Location Factor', '', 'text_lookup', 'LocationFactor', 'LocationFactor'),
	(164, 'CoF Onshore', 'Release Quantity', '', 'text_lookup', 'ReleaseQuantity', 'ReleaseQuantity'),
	(165, 'CoF Onshore', 'Reputation Rating', '', 'text_lookup', 'ReputationRatting', 'ReputationRatting'),
	(166, 'CoF Onshore', 'Flammability / Toxic', '', 'text_lookup', 'FlammabilityToxic', 'FlammabilityToxic'),
	(167, 'CoF Onshore', 'Leak Size', '', 'text_lookup', 'LeakSize', 'LeakSize'),
	(168, 'CoF Onshore', 'Population Number (people)', '', 'num', '', 'NumOfPopulation'),
	(169, 'Pof Offshore', 'Water Depth ', 'm', 'num', '', 'WaterDepth'),
	(170, 'Pof Offshore', 'Pipeline is stabe or buried?', '', 'yesno', '', 'Pipelineisstabeorburied'),
	(171, 'Pof Offshore', 'Protected by patrol boat ?', '', 'yesno', '', 'Protectedbypatrolboat'),
	(172, 'Pof Offshore', 'Possiblle for inlet pressure exceed design P', '', 'yesno', '', 'posibletoPressure'),
	(173, 'Pof Offshore', 'Protectted by rock berm ?', '', 'yesno', '', 'Protecttedbyrockberm'),
	(174, 'Pof Offshore', 'Pipeline Contacts Beach or Platform ?', '', 'yesno', '', 'PipelineContactsBeachorPlatform'),
	(175, 'Pof Offshore', 'Pipeline Crosses high trafic area ?', '', 'Checked', '', 'PipelineCrosseshightraficarea'),
	(176, 'Pof Offshore', 'Freespan recorded ?', '', 'yesno', '', 'Freespanrecorded'),
	(177, 'Pof Offshore', 'Insidents or near misses reported ?', '', 'yesno', '', 'Insidentsornearmissesreported'),
	(178, 'Pof Offshore', 'Instatbility or scouring onserved?', '', 'yesno', '', 'Instatbilityorscouringonserved'),
	(179, 'Pof Offshore', 'Fatigue Sisceptibility factor', '', 'text_lookup', 'FatigueSisceptibilityfactor', 'FatigueSisceptibilityfactor'),
	(180, 'Pof Offshore', 'Pipeline cover factor', '', 'text_lookup', 'PipelinecoverOffshore', 'PipelinecoverOffshore'),
	(181, 'Pof Offshore', 'Seabed Stability Factor', '', 'text_lookup', 'SeabedStability', 'SeabedStability'),
	(182, 'Pof Offshore', 'Third Party Demage ', '', 'text_lookup', 'ThirdPartyDemageOff', 'ThirdPartyDemageOff'),
	(183, 'Pof Offshore', 'Last ROV or External Inspection Survey', '', 'Date', '', 'LastROVorExternal'),
	(184, 'Pof Offshore', 'ROW or GVI Survey Coverage', '', 'text_lookup', 'CPSurveycoverage', 'ROWorGVISurveyCoverage'),
	(185, 'Pof Offshore', 'Remedial action performed for ROW or Ex Insp.', '', 'yesno', '', 'Remedialactionperformed'),
	(186, 'Pof Offshore', 'CP Survey', '', 'text_lookup', 'CPSurvey_off', 'CPSurvey_off'),
	(187, 'Pof Offshore', 'External Inspection Factor', '', 'text_lookup', 'externalfactorOff', 'externalfactorOff'),
	(188, 'Cof Offshore', 'Override Financial Costs For Pinhole Leak($)', '', 'Num', '', 'OverRideDailyProductionGas$_off'),
	(189, 'Cof Offshore', 'Override Financial Cost For Rupture Leas ($)', '', 'Num', '', 'OverRideDailyProductionOil$_off'),
	(190, 'Cof Offshore', 'Financial', '', 'text_lookup', 'financialFactor', 'financialFactor_off'),
	(191, 'Cof Offshore', 'Fluid Type', '', 'text_lookup', 'FluidType', 'FluidType_off'),
	(192, 'Cof Offshore', 'Environmental Sensitivity / Location Factor', '', 'text_lookup', 'EnvironmentalSensitivity', 'EnvironmentalSensitivity_off'),
	(193, 'Cof Offshore', 'Release Quantity', '', 'text_lookup', 'ReleaseQuantity', 'ReleaseQuantity_off'),
	(194, 'Cof Offshore', 'Reputation Rating', '', 'text_lookup', 'ReputationRatting', 'ReputationRatting_off'),
	(195, 'Cof Offshore', 'Flammability / Toxic', '', 'text_lookup', 'FlammabilityToxic', 'FlammabilityToxic_off'),
	(196, 'Cof Offshore', 'Leak Size', '', 'text_lookup', 'LeakSize', 'LeakSizeOff_off'),
	(197, 'Cof Offshore', 'DNV Class / Polulation Density', '', 'text_lookup', 'dnv', 'dnv'),
	(198, 'Cof Offshore', 'Population Number (people)', '', 'num', '', 'NumOfPopulation_off');
/*!40000 ALTER TABLE `data_field` ENABLE KEYS */;

-- Dumping structure for table mythauth.data_section
CREATE TABLE IF NOT EXISTS `data_section` (
  `id` int(11) NOT NULL AUTO_INCREMENT,
  `kode` varchar(50) NOT NULL DEFAULT '0',
  `nama_section` varchar(50) NOT NULL DEFAULT '0',
  `lokasi` enum('d','l') NOT NULL DEFAULT 'd' COMMENT 'l laut, d darat',
  `id_area` int(11) NOT NULL DEFAULT '0',
  `id_equipment` int(11) NOT NULL DEFAULT '0',
  `created_at` datetime NOT NULL,
  `updated_at` datetime NOT NULL,
  PRIMARY KEY (`id`),
  KEY `fk_equipment` (`id_equipment`),
  KEY `fk_area` (`id_area`),
  CONSTRAINT `fk_area` FOREIGN KEY (`id_area`) REFERENCES `data_area` (`id`) ON UPDATE CASCADE,
  CONSTRAINT `fk_equipment` FOREIGN KEY (`id_equipment`) REFERENCES `data_equipment` (`id`) ON UPDATE CASCADE
) ENGINE=InnoDB AUTO_INCREMENT=11 DEFAULT CHARSET=latin1 COMMENT='Section Data';

-- Dumping data for table mythauth.data_section: ~8 rows (approximately)
/*!40000 ALTER TABLE `data_section` DISABLE KEYS */;
INSERT INTO `data_section` (`id`, `kode`, `nama_section`, `lokasi`, `id_area`, `id_equipment`, `created_at`, `updated_at`) VALUES
	(1, 'V-101', 'Main', 'd', 1, 1, '2022-08-30 17:01:30', '2022-08-30 17:01:31'),
	(2, 'V-101', 'RoofTof', 'd', 1, 1, '2022-08-30 17:01:30', '2022-08-30 17:01:31'),
	(3, 'Jkt01', 'Main', 'd', 1, 2, '2022-08-30 17:01:30', '2022-08-30 17:01:31'),
	(4, 'Jkt01', '01JKT', 'd', 1, 2, '2022-08-30 17:01:30', '2022-08-30 17:01:31'),
	(5, 'BGR01', 'Main', 'd', 2, 2, '2022-08-30 17:01:30', '2022-08-30 17:01:31'),
	(6, 'BGR01', '01BGR', 'd', 2, 2, '2022-08-30 17:01:30', '2022-08-30 17:01:31'),
	(7, 'T01', 'main', 'l', 3, 3, '2022-08-30 17:01:30', '2022-08-30 17:01:31'),
	(8, 'T01', 'RoofTof', 'l', 3, 3, '2022-08-30 17:01:30', '2022-08-30 17:01:31'),
	(9, 'P3', 'main', 'l', 4, 4, '2022-08-30 17:01:30', '2022-08-30 17:01:31'),
	(10, 'P3-1', 'main', 'l', 4, 4, '2022-08-30 17:01:30', '2022-08-30 17:01:31');
/*!40000 ALTER TABLE `data_section` ENABLE KEYS */;

-- Dumping structure for table mythauth.data_tab
CREATE TABLE IF NOT EXISTS `data_tab` (
  `id` int(11) NOT NULL AUTO_INCREMENT,
  `tab` varchar(50) DEFAULT NULL,
  PRIMARY KEY (`id`)
) ENGINE=InnoDB AUTO_INCREMENT=13 DEFAULT CHARSET=latin1;

-- Dumping data for table mythauth.data_tab: ~11 rows (approximately)
/*!40000 ALTER TABLE `data_tab` DISABLE KEYS */;
INSERT INTO `data_tab` (`id`, `tab`) VALUES
	(1, 'General'),
	(2, 'Design'),
	(3, 'Operation'),
	(4, 'Pof General'),
	(5, 'PoF Onshore'),
	(6, 'COF Onshore'),
	(7, 'Pof Offshore'),
	(8, 'Cof Offshore'),
	(9, 'Level 1 Onshore'),
	(10, 'Level 2 Onshore'),
	(11, 'Level 1 OffShore'),
	(12, 'Level 2 OffShore');
/*!40000 ALTER TABLE `data_tab` ENABLE KEYS */;

-- Dumping structure for table mythauth.migrations
CREATE TABLE IF NOT EXISTS `migrations` (
  `id` bigint(20) unsigned NOT NULL AUTO_INCREMENT,
  `version` varchar(255) NOT NULL,
  `class` varchar(255) NOT NULL,
  `group` varchar(255) NOT NULL,
  `namespace` varchar(255) NOT NULL,
  `time` int(11) NOT NULL,
  `batch` int(11) unsigned NOT NULL,
  PRIMARY KEY (`id`)
) ENGINE=InnoDB AUTO_INCREMENT=2 DEFAULT CHARSET=utf8;

-- Dumping data for table mythauth.migrations: ~0 rows (approximately)
/*!40000 ALTER TABLE `migrations` DISABLE KEYS */;
INSERT INTO `migrations` (`id`, `version`, `class`, `group`, `namespace`, `time`, `batch`) VALUES
	(1, '2017-11-20-223112', 'Myth\\Auth\\Database\\Migrations\\CreateAuthTables', 'default', 'Myth\\Auth', 1661837244, 1);
/*!40000 ALTER TABLE `migrations` ENABLE KEYS */;

-- Dumping structure for table mythauth.tbl_look_up
CREATE TABLE IF NOT EXISTS `tbl_look_up` (
  `id` bigint(20) NOT NULL AUTO_INCREMENT,
  `comment` text,
  `value` varchar(50) DEFAULT '',
  `category` varchar(50) DEFAULT NULL,
  `field` varchar(50) DEFAULT NULL,
  PRIMARY KEY (`id`)
) ENGINE=InnoDB AUTO_INCREMENT=262 DEFAULT CHARSET=latin1;

-- Dumping data for table mythauth.tbl_look_up: ~261 rows (approximately)
/*!40000 ALTER TABLE `tbl_look_up` DISABLE KEYS */;
INSERT INTO `tbl_look_up` (`id`, `comment`, `value`, `category`, `field`) VALUES
	(1, 'Onshore', '1', 'list', 'Plant'),
	(2, 'Offshore', '2', 'list', 'Plant'),
	(3, 'Jakarta', '1', 'list', 'LocationField'),
	(4, 'Cirebon', '2', 'list', 'LocationField'),
	(5, 'Bandung', '3', 'list', 'LocationField'),
	(6, 'Surabaya', '4', 'list', 'LocationField'),
	(7, 'Cepu', '5', 'list', 'LocationField'),
	(8, 'Palembang', '6', 'list', 'LocationField'),
	(9, 'Natuna', '7', 'list', 'LocationField'),
	(10, 'Sacr Anode - SAPAMALUM III', '4', 'list', 'CPSystem'),
	(11, 'Sacr Anode - GALVANIUM III', '3', 'list', 'CPSystem'),
	(12, 'Sacr Anode - Aluminium Bracelet', '2', 'list', 'CPSystem'),
	(13, 'ICCP', '1', 'list', 'CPSystem'),
	(14, 'N/A', '0', 'list', 'CPSystem'),
	(15, 'Sacrificial Anodes', '2', 'list', 'CPSystem'),
	(16, 'No previous inspections performed to determine internal condition OR Basic (partial coverage) inspections performed, but outside of inspection period', '5', 'list', 'InternalInspectionfactor'),
	(17, 'Basic (partial coverage) inspections performed within inspection period, defects found requiring mitigation before next scheduled inspection OR  Detailed (full coverage) inspection performed outside planned period with defects requiring mitigation before next scheduled inspection (now overdue)', '4', 'list', 'InternalInspectionfactor'),
	(18, 'Basic (partial coverage) inspections performed within inspection period, No defects or Defects FFP until next scheduled inspection OR Detailed (full coverage) inspection performed outside planned period with no defects or Defects FFP until next scheduled inspection', '3', 'list', 'InternalInspectionfactor'),
	(19, 'Detailed (full coverage) inspection performed within planned period. Defects require mitigation before next scheduled inspection.', '2', 'list', 'InternalInspectionfactor'),
	(20, 'Detailed (full coverage) inspection performed within planned period. No defects OR defect FFP until next scheduled inspection. OR not available internal inspaction method due to CRA pipeline', '1', 'list', 'InternalInspectionfactor'),
	(21, 'P1', '1', 'list', 'coatingCondition'),
	(22, 'P2', '2', 'list', 'coatingCondition'),
	(23, 'P3', '3', 'list', 'coatingCondition'),
	(24, 'P4', '4', 'list', 'coatingCondition'),
	(25, 'P5', '5', 'list', 'coatingCondition'),
	(26, 'Pipeline regularly pigged in line with a recommended frequency based on regular assessment of the pigging requirements for the line (e.g. analysis of scale produced by pigging), or pigging is not required to ensure the integrity of the pipeline (e.g., pigging only performs flow assurance, hydrate or wax control function).', '1', 'list', 'PiggingOps'),
	(27, 'Pipeline pigged at less than a recommended frequency based on regular assessment of the pigging requirements for the line (e.g. analysis of scale produced by pigging).', '3', 'list', 'PiggingOps'),
	(28, 'Pipeline occasionally pigged but no recommended frequency for pigging.', '4', 'list', 'PiggingOps'),
	(29, 'Pipeline never pigged, but pigging is recommended to ensure the long-term integrity of the pipeline.', '5', 'list', 'PiggingOps'),
	(30, 'P5', '5', 'list', 'sabotagefactor'),
	(31, 'P4', '4', 'list', 'sabotagefactor'),
	(32, 'P3', '3', 'list', 'sabotagefactor'),
	(33, 'P2', '1', 'list', 'sabotagefactor'),
	(34, 'P1', '1', 'list', 'sabotagefactor'),
	(35, 'P5', '5', 'list', 'rowCondition '),
	(36, 'P4', '4', 'list', 'rowCondition '),
	(37, 'P2', '2', 'list', 'rowCondition '),
	(38, 'P1', '1', 'list', 'rowCondition '),
	(39, 'P1', '1', 'list', 'Onshorepipelinecoverfactor'),
	(40, 'P2', '2', 'list', 'Onshorepipelinecoverfactor'),
	(41, 'P3', '3', 'list', 'Onshorepipelinecoverfactor'),
	(42, 'P4', '4', 'list', 'Onshorepipelinecoverfactor'),
	(43, 'P5', '5', 'list', 'Onshorepipelinecoverfactor'),
	(44, 'Pipeline passes through areas of dense housing or large cities with more than 46 buildings and multi-storey buildings in a band 1.6km long and 0.4km wide running along, and over, the pipeline (MIGAS 300.K Class 4). Heavy traffic  Frequent use of road, all parties', '5', 'list', 'Population_Density'),
	(45, 'Pipeline passes through villages, traditional markets or small cities with more than 46 buildings in a band 1.6km long and 0.4km wide running along, and over, the pipeline (MIGAS 300.K Class 3). Medium traffic  Some public us of road', '4', 'list', 'Population_Density'),
	(46, 'Pipeline passes through farmland or villages with between 10 and 46 buildings in a band 1.6km long and 0.4km wide running along, and over, the pipeline (MIGAS 300.K Class 2). Light traffic  Service road and local traffic only', '3', 'list', 'Population_Density'),
	(47, 'Pipeline passes through jungle, mountain, sea or farmland with less than 10 buildings in a band 1.6km long and 0.4km running along, and over, the pipeline (MIGAS 300.K Class 1). Negligible traffic  Service road only', '1', 'list', 'Population_Density'),
	(48, 'Pipeline passes through farmland or villages with between 10 and 46 buildings in a band 1.6km long and 0.4km wide running along, and over, the pipeline (MIGAS 300.K Class 2).  Also includes areas of some environmental sensitivity (permeable soils, river crossing)', '', 'list', 'Population_Density'),
	(49, 'P1', '1', 'list', 'externalfactor'),
	(50, 'P2', '2', 'list', 'externalfactor'),
	(51, 'P3', '3', 'list', 'externalfactor'),
	(52, 'P4', '4', 'list', 'externalfactor'),
	(53, 'P5', '5', 'list', 'externalfactor'),
	(54, 'P1', '1', 'list', 'ReputationRatting'),
	(55, 'P2', '2', 'list', 'ReputationRatting'),
	(56, 'P3', '3', 'list', 'ReputationRatting'),
	(57, 'P4', '4', 'list', 'ReputationRatting'),
	(58, 'P5', '5', 'list', 'ReputationRatting'),
	(59, 'P1', '1', 'list', 'MigasClass'),
	(60, 'P2', '2', 'list', 'MigasClass'),
	(61, 'P3', '3', 'list', 'MigasClass'),
	(62, 'P4', '4', 'list', 'MigasClass'),
	(63, 'Flowline', '3', 'list', 'PipelineType'),
	(64, 'Trunkline', '1', 'list', 'PipelineType'),
	(65, 'DNV F101', 'DNV F101', 'list', 'Pipelinedesigncode'),
	(66, 'ASME B31.9', 'ASME B31.9', 'list', 'Pipelinedesigncode'),
	(67, 'ASME B31.8', 'ASME B31.8', 'list', 'Pipelinedesigncode'),
	(68, 'ASME B31.4', 'ASME B31.4', 'list', 'Pipelinedesigncode'),
	(69, 'ASME B31.10', 'ASME B31.10', 'list', 'Pipelinedesigncode'),
	(70, 'N/A', '', 'list', 'Pipelinedesigncode'),
	(71, 'A106-B', '240', 'list', 'materialType'),
	(72, 'A 106B', '240', 'list', 'materialType'),
	(73, 'A-106B', '240', 'list', 'materialType'),
	(74, 'B', '241', 'list', 'materialType'),
	(75, 'X42', '290', 'list', 'materialType'),
	(76, 'X46', '317', 'list', 'materialType'),
	(77, 'SML 360 I FDU', '358', 'list', 'materialType'),
	(78, 'API 5L-X52', '359', 'list', 'materialType'),
	(79, 'X52', '359', 'list', 'materialType'),
	(80, 'API 5L X52', '359', 'list', 'materialType'),
	(81, 'X56', '386', 'list', 'materialType'),
	(82, 'X60', '414', 'list', 'materialType'),
	(83, 'API 5L X60', '414', 'list', 'materialType'),
	(84, 'API 5L X65', '448', 'list', 'materialType'),
	(85, 'X65', '448', 'list', 'materialType'),
	(86, 'X70', '483', 'list', 'materialType'),
	(87, 'SML 415  FDU', '485', 'list', 'materialType'),
	(88, 'X80', '552', 'list', 'materialType'),
	(89, 'None', 'None', 'list', 'Coating_Type'),
	(90, 'Alloy 825', 'Alloy 825', 'list', 'Coating_Type'),
	(91, 'N/A', '', 'list', 'Coating_Type'),
	(92, 'Clean Water', 'Clean Water', 'list', 'FluidContent'),
	(93, 'Water', 'Clean Water', 'list', 'FluidContent'),
	(94, 'Condensate', 'Condensate', 'list', 'FluidContent'),
	(95, 'Crude', 'Crude', 'list', 'FluidContent'),
	(96, 'Gas', 'Gas', 'list', 'FluidContent'),
	(97, 'Heavy Fractionate', 'Heavy Fractionate', 'list', 'FluidContent'),
	(98, 'LNG', 'LNG', 'list', 'FluidContent'),
	(99, 'LPG', 'Liquid Petroleum Gas', 'list', 'FluidContent'),
	(100, 'Mixed Phase Gas/Condensate', 'Mixed Phase Gas/Condensate', 'list', 'FluidContent'),
	(101, 'Oil', 'Oil', 'list', 'FluidContent'),
	(102, 'Produced Gas', 'Produced Gas', 'list', 'FluidContent'),
	(103, 'Produced Water', 'Produced Water', 'list', 'FluidContent'),
	(104, 'Sweet Natural Gas', 'Sweet Gas', 'list', 'FluidContent'),
	(105, 'Condensate', '546', 'list', 'FluidPhase'),
	(106, 'Gas', '418', 'list', 'FluidPhase'),
	(107, 'Liquid', '419', 'list', 'FluidPhase'),
	(108, 'Off-Line', '', 'list', 'PipelineStatus'),
	(109, 'Off-Line (Inert Purged)', 'Off-Line (Inert Purged)', 'list', 'PipelineStatus'),
	(110, 'Off-Line (Product Filled)', 'Off-Line (Product Filled)', 'list', 'PipelineStatus'),
	(111, 'Off-Line (Water-Filled)', 'Off-Line (Water-Filled)', 'list', 'PipelineStatus'),
	(112, 'On-Line', 'On-Line', 'list', 'PipelineStatus'),
	(113, 'Partial', 'Partial', 'list', 'CPSurveycoverage'),
	(114, 'Full', 'Full', 'list', 'CPSurveycoverage'),
	(115, 'N/A', '', 'list', 'CPSurveycoverage'),
	(116, 'No', '', 'list', 'CPSurveycoverage'),
	(117, 'TP', 'TP', 'list', 'CPSurveyInspectionType'),
	(118, 'CIPS', 'CIPS', 'list', 'CPSurveyInspectionType'),
	(119, 'N/A', '0', 'list', 'CPSurveyInspectionType'),
	(120, 'PSV', '2', 'list', 'PresureProtectionSystem'),
	(121, 'ESDV', '1', 'list', 'PresureProtectionSystem'),
	(122, 'None', '0', 'list', 'PresureProtectionSystem'),
	(123, 'PMV', '0', 'list', 'PresureProtectionSystem'),
	(124, 'SCVD', '0', 'list', 'PresureProtectionSystem'),
	(125, 'SSCVD', '0', 'list', 'PresureProtectionSystem'),
	(126, 'PAF', '0', 'list', 'PresureProtectionSystem'),
	(127, 'ESD1&2', '0', 'list', 'PresureProtectionSystem'),
	(128, 'Offshore Buried', '4', 'list', 'PipelinePosition'),
	(129, 'Offshore Unburied', '3', 'list', 'PipelinePosition'),
	(130, 'Onshore Buried', '2', 'list', 'PipelinePosition'),
	(131, 'Onshore Unburied', '1', 'list', 'PipelinePosition'),
	(132, 'P5', '5', 'list', 'LandStability'),
	(133, 'P3', '3', 'list', 'LandStability'),
	(134, 'P1', '1', 'list', 'LandStability'),
	(135, 'P1', '1', 'list', 'AgerFactor'),
	(136, 'P2', '2', 'list', 'AgerFactor'),
	(137, 'P3', '3', 'list', 'AgerFactor'),
	(138, 'P4', '4', 'list', 'AgerFactor'),
	(139, 'P5', '5', 'list', 'AgerFactor'),
	(140, 'P5', '5', 'list', 'ExternalDemage'),
	(141, 'P4', '4', 'list', 'ExternalDemage'),
	(142, 'P3', '3', 'list', 'ExternalDemage'),
	(143, 'P2', '2', 'list', 'ExternalDemage'),
	(144, 'P1', '1', 'list', 'ExternalDemage'),
	(145, 'P1', '1', 'list', 'CPReading'),
	(146, 'P3', '3', 'list', 'CPReading'),
	(147, 'P5', '5', 'list', 'CPReading'),
	(148, 'P5', '5', 'list', 'CPSurvey'),
	(149, 'P4', '4', 'list', 'CPSurvey'),
	(150, 'P3', '3', 'list', 'CPSurvey'),
	(151, 'P2', '2', 'list', 'CPSurvey'),
	(152, 'P1', '1', 'list', 'CPSurvey'),
	(153, 'P1', '1', 'list', 'CathodicInterference'),
	(154, 'P2', '2', 'list', 'CathodicInterference'),
	(155, 'P3', '3', 'list', 'CathodicInterference'),
	(156, 'P4', '4', 'list', 'CathodicInterference'),
	(157, 'P5', '5', 'list', 'CathodicInterference'),
	(158, 'Carbon steel line with water is present in normal operation', '5', 'list', 'WaterPof'),
	(159, 'Carbon steel line typically has water, typically vapour phase, some dropout', '4', 'list', 'WaterPof'),
	(160, 'Carbon steel line occasionally has water, typically vapour phase', '3', 'list', 'WaterPof'),
	(161, 'Carbon steel line operates dry  but water may be present in upset situations or effectively inhibited, or CRA pipeline', '2', 'list', 'WaterPof'),
	(162, 'Carbon steel line operates dry - no water ever present', '1', 'list', 'WaterPof'),
	(163, 'Suspected corrosion due to presence of water and high dissolved oxygen', '5', 'list', 'LocalCorrosion'),
	(164, 'Solids in line.', '5', 'list', 'LocalCorrosion'),
	(165, 'Suspected MIC due to presence of water and high level of SRB', '5', 'list', 'LocalCorrosion'),
	(166, 'Suspected corrosion due to presence of water and sour service with PH2S > 0.01 barg (except CRA pipeline)', '5', 'list', 'LocalCorrosion'),
	(167, 'Suspected corrosion due to presence of water and CO2 with PCO2 > 0.09 barg (except CRA pipeline)', '5', 'list', 'LocalCorrosion'),
	(168, 'Unknown type of corrosion driving factor due to multiple content composition and presence of water(e.g CO2, H2S, O2, Cl, SRB)', '5', 'list', 'LocalCorrosion'),
	(169, 'No increased local corrosion risk factors OR due to CRA pipeline', '1', 'list', 'LocalCorrosion'),
	(170, 'Leak evidence but not properly documented', '5', 'list', 'LeakHistory'),
	(171, 'One corrosion leak or more than one leak caused by any mechanism', '4', 'list', 'LeakHistory'),
	(172, 'One leak caused by a third party OR One corrosion leak or more than one leak caused by any mechanism within 2 years', '3', 'list', 'LeakHistory'),
	(173, 'No leaks within 2 years', '1', 'list', 'LeakHistory'),
	(174, 'P5', '5', 'list', 'Design'),
	(175, 'P4', '4', 'list', 'Design'),
	(176, 'P3', '3', 'list', 'Design'),
	(177, 'P2', '2', 'list', 'Design'),
	(178, 'P1', '1', 'list', 'Design'),
	(179, 'Impossible to overpressurise pipeline e.g. design pressure greater than reservoir pressure or compressor maximum pressure', '1', 'list', 'Overpressure'),
	(180, 'Overpressure possible but pipeline protected by multiple overpressure protection systems (i.e. HIPPS and relief valves).', '2', 'list', 'Overpressure'),
	(181, 'Overpressure possible but pipeline protected by a single overpressure protection system', '3', 'list', 'Overpressure'),
	(182, 'Overpressure possible but pipeline not protected by an overpressure protection system', '5', 'list', 'Overpressure'),
	(183, 'More than 100 pressure cycles of >10% MAOP per year, or pressure cycles have been shown to exceed the basis of design of this pipeline by more than 10% (in terms of number, duration, or severity).', '5', 'list', 'PressureCycling'),
	(184, 'No data.', '4', 'list', 'PressureCycling'),
	(185, 'Between 10 and 100 pressure cycles of >10% MAOP per year, or pressure cycles have been shown to exceed the basis of design of this pipeline by less than 10% (in terms of number, duration, or severity).', '3', 'list', 'PressureCycling'),
	(186, 'Less than 10 pressure cycles of >10% MAOP per year, or pressure cycles are within the basis of design of this pipeline (in terms of number, duration, and severity.', '1', 'list', 'PressureCycling'),
	(187, 'More than 5 temperature cycles of >50C per year,  or operational temperature ranges (including number of cycles and extreme values) have been known to exceed the  within the design limits of this pipeline by more than 20C, or there have been more than 5 exceedances per year.', '5', 'list', 'TemperatureCycling'),
	(188, 'No data.', '4', 'list', 'TemperatureCycling'),
	(189, 'Between 1 and 5 temperature cycles of >50C per year, or operational temperature ranges (including number of cycles and extreme values) have been known to exceed the  within the design limits of this pipeline by less than 20C, or less than 5 exceedances per year.', '3', 'list', 'TemperatureCycling'),
	(190, '1 or no temperature cycles of >50C per year, or operational temperature ranges (including number of cycles and extreme values) are within the design limits of this pipeline, if these are known and documented.', '1', 'list', 'TemperatureCycling'),
	(191, 'Negligible - No shutdown; less than $10k, immediate repairs', '1', 'list', 'financialFactor'),
	(192, 'Low - Unit shutdown, $10k - $100k, Planned repairs', '2', 'list', 'financialFactor'),
	(193, 'Medium - Partial shutdown, reduced production, short repair $100k - $1m', '3', 'list', 'financialFactor'),
	(194, 'High - Prod shutdown; prolonged repairs, $1m - $10m', '4', 'list', 'financialFactor'),
	(195, 'V High - Long term shut, extensive repairs, over $10m', '5', 'list', 'financialFactor'),
	(196, 'P5', '5', 'list', 'LocationFactor'),
	(197, 'P4', '4', 'list', 'LocationFactor'),
	(198, 'P3', '3', 'list', 'LocationFactor'),
	(199, 'P1', '1', 'list', 'LocationFactor'),
	(200, 'P5', '5', 'list', 'ReleaseQuantity'),
	(201, 'P4', '4', 'list', 'ReleaseQuantity'),
	(202, 'P3', '3', 'list', 'ReleaseQuantity'),
	(203, 'P2', '2', 'list', 'ReleaseQuantity'),
	(204, 'P1', '1', 'list', 'ReleaseQuantity'),
	(205, 'P1', '1', 'list', 'FlammabilityToxic'),
	(206, 'P2', '2', 'list', 'FlammabilityToxic'),
	(207, 'P3', '3', 'list', 'FlammabilityToxic'),
	(208, 'P4', '4', 'list', 'FlammabilityToxic'),
	(209, 'P5', '5', 'list', 'FlammabilityToxic'),
	(210, 'P5', '5', 'list', 'LeakSize'),
	(211, 'P3', '3', 'list', 'LeakSize'),
	(212, 'P2', '2', 'list', 'LeakSize'),
	(213, 'P1', '1', 'list', 'LeakSize'),
	(214, 'Water OR Air', '1', 'list', 'FluidType'),
	(215, 'Sweet Natural Gas', '2', 'list', 'FluidType'),
	(216, 'Toxic and/or flammable gases except sweet natural gas', '3', 'list', 'FluidType'),
	(217, 'Produced water and toxic and/or flammable liquids except crude oil and heavy fractionates', '4', 'list', 'FluidType'),
	(218, 'Crude oil and heavy fractionates', '5', 'list', 'FluidType'),
	(219, 'No external surveys performed', '0.5', 'list', 'ExternalInspectionHistorical'),
	(220, 'No full pipe-length external surveys have been undertaken within the last 2 years.', '0.625', 'list', 'ExternalInspectionHistorical'),
	(221, 'External inspections surveys have been undertaken within the last 1-2 years of partial sections only. Assessment of result and remedial actions performed as necessary.', '0.75', 'list', 'ExternalInspectionHistorical'),
	(222, 'External inspection surveys have been undertaken within the last 1-2 years of the full pipe length.  Assessment of result and remedial actions performed as necessary.', '0.875', 'list', 'ExternalInspectionHistorical'),
	(223, 'Routine external surveys are undertaken more than once a year of whole pipe length.  Assessment of result and remedial actions performed as necessary. ', '1', 'list', 'ExternalInspectionHistorical'),
	(224, 'Detailed (full coverage) inspection performed within planned period. No defects OR defect FFP until next scheduled inspection', '1', 'list', 'InternalInspectionHistorical'),
	(225, 'Detailed (full coverage) inspection performed within planned period. Defects require mitigation before next scheduled inspection', '0.875', 'list', 'InternalInspectionHistorical'),
	(226, 'Basic (partial coverage) inspections performed within inspection period, No defects or Defects FFP until next scheduled inspection OR Detailed (full coverage) inspection performed outside planned period with no defects or Defects FFP until next scheduled inspection', '0.75', 'list', 'InternalInspectionHistorical'),
	(227, 'Basic (partial coverage) inspections performed within inspection period, defects found requiring mitigation before next scheduled inspection OR  Detailed (full coverage) inspection performed outside planned period with defects requiring mitigation before next scheduled inspection (now overdue)', '0.625', 'list', 'InternalInspectionHistorical'),
	(228, 'No previous inspections performed to determine internal condition OR Basic (partial coverage) inspections performed, but outside of inspection period', '0.5', 'list', 'InternalInspectionHistorical'),
	(229, 'Pipeline', '1', 'list', 'AssetType'),
	(230, 'Vessel', '2', 'list', 'AssetType'),
	(231, 'Piping', '3', 'list', 'AssetType'),
	(232, 'Tank', '4', 'list', 'AssetType'),
	(233, 'P1', '1', 'list', 'FatigueSisceptibilityfactor'),
	(234, 'P2', '2', 'list', 'FatigueSisceptibilityfactor'),
	(235, 'P5', '5', 'list', 'FatigueSisceptibilityfactor'),
	(236, 'P5', '5', 'list', 'FatigueSisceptibilityfactor'),
	(237, 'P1', '1', 'list', 'PipelinecoverOffshore'),
	(238, 'P3', '3', 'list', 'PipelinecoverOffshore'),
	(239, 'P4', '4', 'list', 'PipelinecoverOffshore'),
	(240, 'P5', '5', 'list', 'PipelinecoverOffshore'),
	(241, 'Inadequate inspections to determine stability; pipeline unburied and not inspected within the last 5 years.', '5', 'list', 'SeabedStability'),
	(242, 'Anomalies such as localised lateral movement have been observed but not remediated OR pipeline has exhibited instability or scour, not assessed or follow up.', '4', 'list', 'SeabedStability'),
	(243, 'Pipeline has exhibited instability or scour, but anomalies have been assessed and remediated if required', '2', 'list', 'SeabedStability'),
	(244, 'Pipeline is stable and / or buried', '1', 'list', 'SeabedStability'),
	(245, 'Pipeline passes through multiple high traffic or threat areas (>10% of length).  Incidents (including near misses) reported in the past.', '5', 'list', 'ThirdPartyDemageOff'),
	(246, 'Pipeline passes through multiple high traffic or threat areas (>10% of length).  No incidents (including near misses) reported in the past.', '4', 'list', 'ThirdPartyDemageOff'),
	(247, 'Pipeline has some sections (<10%) passing through high traffic or threat areas (sea lanes or fishing grounds): Includes platform approach.', '3', 'list', 'ThirdPartyDemageOff'),
	(248, 'Pipeline does not contact platform or beach.', '1', 'list', 'ThirdPartyDemageOff'),
	(249, 'Full ROV pipeline surveys have been performed on the pipeline within the last 2 years.  Assessment of results and remedial actions performed as necessary.', '1', 'list', 'externalfactorOff'),
	(250, 'Partial ROV or SSS surveys have been performed on the pipeline within the last 2 years.  Assessment of results and remedial actions performed as necessary.', '2', 'list', 'externalfactorOff'),
	(251, 'Full ROV or SSS surveys have been performed on the pipeline within the last 2-5 years.  Assessment of results and remedial actions performed as necessary.', '3', 'list', 'externalfactorOff'),
	(252, 'An ROV or SSS survey has been performed on the pipeline within the last 10 years.  Assessment of results and remedial actions performed as necessary.', '4', 'list', 'externalfactorOff'),
	(253, 'No ROV or SSS survey has been performed on the pipeline within the last 10 years, or inspection results not assessed and remedial actions performed as necessary.', '5', 'list', 'externalfactorOff'),
	(254, 'Failure implies high environmental pollution consequences. This is the usual classification during operation in Location Class 2.', '5', 'list', 'EnvironmentalSensitivity'),
	(255, 'Failure implies significant environmental pollution consequences. This is the usual classification for operation outside the platform area (Location Class 1).', '3', 'list', 'EnvironmentalSensitivity'),
	(256, 'Failure implies minor environmental consequences.', '1', 'list', 'EnvironmentalSensitivity'),
	(257, 'The part of the pipeline / riser that in the near platform (manned) area or in areas with frequent human.', '', 'list', 'dnv'),
	(258, 'The area where no frequent human activity is located along the pipeline route.', '', 'list', 'dnv'),
	(259, 'Any CP survey conducted greater than 5 years ago, or CP not surveyed.', '5', 'list', 'CPSurvey_off'),
	(260, 'Full CP Survey conducted by ROV within the last 3 to 5 years. Assessment of results, but remedial actions not performed.', '4', 'list', 'CPSurvey_off'),
	(261, 'Full CP Survey conducted by ROV within the last 3 to 5 years. Assessment of results and remedial actions performed as necessary.', '3', 'list', 'CPSurvey_off');
/*!40000 ALTER TABLE `tbl_look_up` ENABLE KEYS */;

-- Dumping structure for table mythauth.users
CREATE TABLE IF NOT EXISTS `users` (
  `id` int(11) unsigned NOT NULL AUTO_INCREMENT,
  `email` varchar(255) NOT NULL,
  `username` varchar(30) DEFAULT NULL,
  `name` varchar(255) DEFAULT NULL,
  `password_hash` varchar(255) NOT NULL,
  `reset_hash` varchar(255) DEFAULT NULL,
  `reset_at` datetime DEFAULT NULL,
  `reset_expires` datetime DEFAULT NULL,
  `activate_hash` varchar(255) DEFAULT NULL,
  `status` varchar(255) DEFAULT NULL,
  `status_message` varchar(255) DEFAULT NULL,
  `active` tinyint(1) NOT NULL DEFAULT '0',
  `force_pass_reset` tinyint(1) NOT NULL DEFAULT '0',
  `created_at` datetime DEFAULT NULL,
  `updated_at` datetime DEFAULT NULL,
  `deleted_at` datetime DEFAULT NULL,
  PRIMARY KEY (`id`),
  UNIQUE KEY `email` (`email`),
  UNIQUE KEY `username` (`username`)
) ENGINE=InnoDB AUTO_INCREMENT=6 DEFAULT CHARSET=utf8;

-- Dumping data for table mythauth.users: ~5 rows (approximately)
/*!40000 ALTER TABLE `users` DISABLE KEYS */;
INSERT INTO `users` (`id`, `email`, `username`, `name`, `password_hash`, `reset_hash`, `reset_at`, `reset_expires`, `activate_hash`, `status`, `status_message`, `active`, `force_pass_reset`, `created_at`, `updated_at`, `deleted_at`) VALUES
	(1, 'admin@example.com', 'Aldi', 'Aldi Bragi', '$2a$12$dcyYXzDT.W.zvCUxwvMxk.wZcI2sc0XzFvXZMTChuH44j360AjjVK', NULL, NULL, NULL, '09f9fff2f2d950219e1ee001b56fb39b', NULL, NULL, 1, 0, '2022-08-30 00:28:30', '2022-09-03 12:35:30', '2022-09-03 12:45:54'),
	(2, 'aldi2@aldi.com', 'Aldi2', 'Mas Aldi', '$2y$10$ut3PqwNNWeIV8WmbcKD9cu3IA8Fw5SgCIjnWkohrqLlnBDRtyo9Cu', NULL, NULL, NULL, '5217c0fdb309377cc1e5bc5d7a22c51b', NULL, NULL, 1, 0, '2022-08-30 00:31:01', '2022-08-30 00:31:01', NULL),
	(3, 'aaa@aa.com', 'Gaul', 'Aldi3', '$2y$10$zFDEy7qphP215/vAbSwTkefV8.utZomNTwL2w0f1mXMwpvkVQqOtq', NULL, NULL, NULL, NULL, NULL, NULL, 1, 0, '2022-09-03 10:32:27', '2022-09-03 12:52:03', NULL),
	(4, 'alidimyatiaz@gmail.com', 'aldi4', 'aldi5', '$2y$10$iVtEwgvD3AcXWZo.ATVdKuGabuQdUZOIby3aU7sx2mI3oZ3A9VQuO', NULL, NULL, NULL, NULL, NULL, NULL, 0, 0, '2022-09-03 10:45:01', '2022-09-03 12:35:49', NULL),
	(5, 'aldi6@aldi.com', 'aldi6', 'aldi6', '$2y$10$iSv31xBJnJbxWSS2oBx.cethiD8ranaYXcCirWu1dv6q5Q7cR.4m.', NULL, NULL, NULL, NULL, NULL, NULL, 0, 0, '2022-09-03 10:52:19', '2022-09-03 10:52:19', '2022-09-03 12:46:07');
/*!40000 ALTER TABLE `users` ENABLE KEYS */;

/*!40101 SET SQL_MODE=IFNULL(@OLD_SQL_MODE, '') */;
/*!40014 SET FOREIGN_KEY_CHECKS=IFNULL(@OLD_FOREIGN_KEY_CHECKS, 1) */;
/*!40101 SET CHARACTER_SET_CLIENT=@OLD_CHARACTER_SET_CLIENT */;
/*!40111 SET SQL_NOTES=IFNULL(@OLD_SQL_NOTES, 1) */;
